name,oxilean,lean4lean,class,oxilean_detail,lean4lean_detail
<quot>,absent,verified,only-one-side,,
Add,verified,verified,agree,,
Add.add,verified,verified,agree,,
Add.casesOn,verified,verified,agree,,
Add.ctorIdx,verified,verified,agree,,
Add.mk._flat_ctor,absent,verified,only-one-side,,
Add.mk.noConfusion,verified,verified,agree,,
Add.noConfusion,verified,verified,agree,,
Add.noConfusionType,verified,verified,agree,,
Add.recOn,verified,verified,agree,,
And,verified,verified,agree,,
And.casesOn,verified,verified,agree,,
And.intro._flat_ctor,absent,verified,only-one-side,,
And.left,verified,verified,agree,,
And.recOn,verified,verified,agree,,
And.right,verified,verified,agree,,
AndOp,verified,verified,agree,,
AndOp.and,verified,verified,agree,,
AndOp.casesOn,verified,verified,agree,,
AndOp.ctorIdx,verified,verified,agree,,
AndOp.mk._flat_ctor,absent,verified,only-one-side,,
AndOp.mk.noConfusion,verified,verified,agree,,
AndOp.noConfusion,verified,verified,agree,,
AndOp.noConfusionType,verified,verified,agree,,
AndOp.recOn,verified,verified,agree,,
AndThen,verified,verified,agree,,
AndThen.andThen,verified,verified,agree,,
AndThen.casesOn,verified,verified,agree,,
AndThen.ctorIdx,verified,verified,agree,,
AndThen.mk._flat_ctor,absent,verified,only-one-side,,
AndThen.mk.noConfusion,verified,verified,agree,,
AndThen.noConfusion,verified,verified,agree,,
AndThen.noConfusionType,verified,verified,agree,,
AndThen.recOn,verified,verified,agree,,
Append,verified,verified,agree,,
Append.append,verified,verified,agree,,
Append.casesOn,verified,verified,agree,,
Append.ctorIdx,verified,verified,agree,,
Append.mk._flat_ctor,absent,verified,only-one-side,,
Append.mk.noConfusion,verified,verified,agree,,
Append.noConfusion,verified,verified,agree,,
Append.noConfusionType,verified,verified,agree,,
Append.recOn,verified,verified,agree,,
Applicative,verified,verified,agree,,
Applicative.casesOn,verified,verified,agree,,
Applicative.ctorIdx,verified,verified,agree,,
Applicative.map._default,absent,verified,only-one-side,,
Applicative.mapConst._inherited_default,absent,verified,only-one-side,,
Applicative.mk._flat_ctor,absent,verified,only-one-side,,
Applicative.mk.noConfusion,verified,verified,agree,,
Applicative.noConfusion,verified,verified,agree,,
Applicative.noConfusionType,verified,verified,agree,,
Applicative.recOn,verified,verified,agree,,
Applicative.seqLeft._default,absent,verified,only-one-side,,
Applicative.seqRight._default,absent,verified,only-one-side,,
Applicative.toFunctor,verified,verified,agree,,
Applicative.toPure,verified,verified,agree,,
Applicative.toSeq,verified,verified,agree,,
Applicative.toSeqLeft,verified,verified,agree,,
Applicative.toSeqRight,verified,verified,agree,,
Array,verified,verified,agree,,
Array.appendCore,verified,verified,agree,,
Array.appendCore.loop,verified,verified,agree,,
Array.appendCore.loop._f,verified,absent,only-one-side,,
Array.appendCore.loop._sunfold,absent,verified,only-one-side,,
Array.appendCore.loop.match_1,verified,verified,agree,,
Array.casesOn,verified,verified,agree,,
Array.ctorIdx,verified,verified,agree,,
Array.empty,verified,verified,agree,,
Array.emptyWithCapacity,verified,verified,agree,,
Array.extract,verified,verified,agree,,
Array.extract.loop,verified,verified,agree,,
Array.extract.loop._f,verified,absent,only-one-side,,
Array.extract.loop._sunfold,absent,verified,only-one-side,,
Array.get!Internal,verified,verified,agree,,
Array.getD,verified,verified,agree,,
Array.getInternal,verified,verified,agree,,
Array.mk._flat_ctor,absent,verified,only-one-side,,
Array.mk.noConfusion,verified,verified,agree,,
Array.mkArray0,verified,verified,agree,,
Array.mkArray1,verified,verified,agree,,
Array.mkArray2,verified,verified,agree,,
Array.mkArray3,verified,verified,agree,,
Array.mkArray4,verified,verified,agree,,
Array.mkArray5,verified,verified,agree,,
Array.mkArray6,verified,verified,agree,,
Array.mkArray7,verified,verified,agree,,
Array.mkArray8,verified,verified,agree,,
Array.mkEmpty,verified,verified,agree,,
Array.noConfusion,verified,verified,agree,,
Array.noConfusionType,verified,verified,agree,,
Array.push,verified,verified,agree,,
Array.recOn,verified,verified,agree,,
Array.size,verified,verified,agree,,
Array.toList,verified,verified,agree,,
BEq,verified,verified,agree,,
BEq.beq,verified,verified,agree,,
BEq.casesOn,verified,verified,agree,,
BEq.mk._flat_ctor,absent,verified,only-one-side,,
BEq.mk.noConfusion,verified,verified,agree,,
BEq.noConfusion,verified,verified,agree,,
BEq.noConfusionType,verified,verified,agree,,
BEq.recOn,verified,verified,agree,,
Bind,verified,verified,agree,,
Bind.bind,verified,verified,agree,,
Bind.casesOn,verified,verified,agree,,
Bind.ctorIdx,verified,verified,agree,,
Bind.mk._flat_ctor,absent,verified,only-one-side,,
Bind.mk.noConfusion,verified,verified,agree,,
Bind.noConfusion,verified,verified,agree,,
Bind.noConfusionType,verified,verified,agree,,
Bind.recOn,verified,verified,agree,,
BitVec,verified,verified,agree,,
BitVec.casesOn,verified,verified,agree,,
BitVec.ctorIdx,verified,verified,agree,,
BitVec.decEq,verified,verified,agree,,
BitVec.decEq._proof_1,verified,verified,agree,,
BitVec.decEq._proof_2,verified,verified,agree,,
BitVec.decEq.match_1,verified,verified,agree,,
BitVec.noConfusion,verified,verified,agree,,
BitVec.noConfusionType,verified,verified,agree,,
BitVec.ofFin._flat_ctor,absent,verified,only-one-side,,
BitVec.ofFin.noConfusion,verified,verified,agree,,
BitVec.ofNat,verified,verified,agree,,
BitVec.ofNat._proof_1,verified,verified,agree,,
BitVec.ofNatLT,verified,verified,agree,,
BitVec.recOn,verified,verified,agree,,
BitVec.toFin,verified,verified,agree,,
BitVec.toNat,verified,verified,agree,,
Bool,verified,verified,agree,,
Bool.and,verified,verified,agree,,
Bool.and.match_1,verified,verified,agree,,
Bool.casesOn,verified,verified,agree,,
Bool.ctorElim,verified,verified,agree,,
Bool.ctorElimType,verified,verified,agree,,
Bool.ctorIdx,verified,verified,agree,,
Bool.dcond,verified,verified,agree,,
Bool.dcond.match_1,verified,verified,agree,,
Bool.decEq,verified,verified,agree,,
Bool.decEq.match_1,verified,verified,agree,,
Bool.false.elim,verified,verified,agree,,
Bool.noConfusion,verified,verified,agree,,
Bool.noConfusionType,verified,verified,agree,,
Bool.not,verified,verified,agree,,
Bool.or,verified,verified,agree,,
Bool.recOn,verified,verified,agree,,
Bool.toCtorIdx,verified,verified,agree,,
Bool.true.elim,verified,verified,agree,,
ByteArray,verified,verified,agree,,
ByteArray.IsValidUTF8,verified,verified,agree,,
ByteArray.IsValidUTF8.casesOn,verified,verified,agree,,
ByteArray.IsValidUTF8.recOn,verified,verified,agree,,
ByteArray.casesOn,verified,verified,agree,,
ByteArray.ctorIdx,verified,verified,agree,,
ByteArray.data,verified,verified,agree,,
ByteArray.empty,verified,verified,agree,,
ByteArray.emptyWithCapacity,verified,verified,agree,,
ByteArray.mk._flat_ctor,absent,verified,only-one-side,,
ByteArray.mk.noConfusion,verified,verified,agree,,
ByteArray.noConfusion,verified,verified,agree,,
ByteArray.noConfusionType,verified,verified,agree,,
ByteArray.push,verified,verified,agree,,
ByteArray.push.match_1,verified,verified,agree,,
ByteArray.recOn,verified,verified,agree,,
ByteArray.size,verified,verified,agree,,
ByteArray.size.match_1,verified,verified,agree,,
Char,verified,verified,agree,,
Char.casesOn,verified,verified,agree,,
Char.ctorIdx,verified,verified,agree,,
Char.ext,verified,verified,agree,,
Char.mk._flat_ctor,absent,verified,only-one-side,,
Char.mk.noConfusion,verified,verified,agree,,
Char.ne_of_val_ne,verified,verified,agree,,
Char.noConfusion,verified,verified,agree,,
Char.noConfusionType,verified,verified,agree,,
Char.ofNat,verified,verified,agree,,
Char.ofNat._proof_1,verified,verified,agree,,
Char.ofNat._proof_2,verified,verified,agree,,
Char.ofNatAux,verified,verified,agree,,
Char.ofNatAux._private_1,verified,verified,agree,,
Char.recOn,verified,verified,agree,,
Char.utf8Size,verified,verified,agree,,
Char.utf8Size._proof_1,verified,verified,agree,,
Char.utf8Size._proof_2,verified,verified,agree,,
Char.utf8Size._proof_3,verified,verified,agree,,
Char.val,verified,verified,agree,,
Char.val_eq_of_eq,verified,verified,agree,,
Char.val_ne_of_ne,verified,verified,agree,,
Char.valid,verified,verified,agree,,
Classical.choice,verified,verified,agree,,
Classical.ofNonempty,verified,verified,agree,,
Classical.ofNonempty._proof_1,verified,verified,agree,,
Complement,verified,verified,agree,,
Complement.casesOn,verified,verified,agree,,
Complement.complement,verified,verified,agree,,
Complement.ctorIdx,verified,verified,agree,,
Complement.mk._flat_ctor,absent,verified,only-one-side,,
Complement.mk.noConfusion,verified,verified,agree,,
Complement.noConfusion,verified,verified,agree,,
Complement.noConfusionType,verified,verified,agree,,
Complement.recOn,verified,verified,agree,,
Decidable,verified,verified,agree,,
Decidable.casesOn,verified,verified,agree,,
Decidable.decide,verified,verified,agree,,
Decidable.isFalse.noConfusion,verified,verified,agree,,
Decidable.isTrue.noConfusion,verified,verified,agree,,
Decidable.noConfusion,verified,verified,agree,,
Decidable.noConfusionType,verified,verified,agree,,
Decidable.recOn,verified,verified,agree,,
DecidableEq,verified,verified,agree,,
DecidableLE,verified,verified,agree,,
DecidableLT,verified,verified,agree,,
DecidablePred,verified,verified,agree,,
DecidableRel,verified,verified,agree,,
Div,verified,verified,agree,,
Div.casesOn,verified,verified,agree,,
Div.ctorIdx,verified,verified,agree,,
Div.div,verified,verified,agree,,
Div.mk._flat_ctor,absent,verified,only-one-side,,
Div.mk.noConfusion,verified,verified,agree,,
Div.noConfusion,verified,verified,agree,,
Div.noConfusionType,verified,verified,agree,,
Div.recOn,verified,verified,agree,,
Dvd,verified,verified,agree,,
Dvd.casesOn,verified,verified,agree,,
Dvd.ctorIdx,verified,verified,agree,,
Dvd.dvd,verified,verified,agree,,
Dvd.mk._flat_ctor,absent,verified,only-one-side,,
Dvd.mk.noConfusion,verified,verified,agree,,
Dvd.noConfusion,verified,verified,agree,,
Dvd.noConfusionType,verified,verified,agree,,
Dvd.recOn,verified,verified,agree,,
EStateM,verified,verified,agree,,
EStateM.Backtrackable,verified,verified,agree,,
EStateM.Backtrackable.casesOn,verified,verified,agree,,
EStateM.Backtrackable.ctorIdx,verified,verified,agree,,
EStateM.Backtrackable.mk._flat_ctor,absent,verified,only-one-side,,
EStateM.Backtrackable.mk.noConfusion,verified,verified,agree,,
EStateM.Backtrackable.noConfusion,verified,verified,agree,,
EStateM.Backtrackable.noConfusionType,verified,verified,agree,,
EStateM.Backtrackable.recOn,verified,verified,agree,,
EStateM.Backtrackable.restore,verified,verified,agree,,
EStateM.Backtrackable.save,verified,verified,agree,,
EStateM.Result,verified,verified,agree,,
EStateM.Result.casesOn,verified,verified,agree,,
EStateM.Result.ctorElim,verified,verified,agree,,
EStateM.Result.ctorElimType,verified,verified,agree,,
EStateM.Result.ctorIdx,verified,verified,agree,,
EStateM.Result.error.elim,verified,verified,agree,,
EStateM.Result.error.noConfusion,verified,verified,agree,,
EStateM.Result.noConfusion,verified,verified,agree,,
EStateM.Result.noConfusionType,verified,verified,agree,,
EStateM.Result.ok.elim,verified,verified,agree,,
EStateM.Result.ok.noConfusion,verified,verified,agree,,
EStateM.Result.recOn,verified,verified,agree,,
EStateM.adaptExcept,verified,verified,agree,,
EStateM.adaptExcept.match_1,verified,verified,agree,,
EStateM.bind,verified,verified,agree,,
EStateM.bind.match_1,verified,verified,agree,,
EStateM.dummyRestore,verified,verified,agree,,
EStateM.dummySave,verified,verified,agree,,
EStateM.get,verified,verified,agree,,
EStateM.instInhabited,verified,verified,agree,,
EStateM.instInhabitedResult,verified,verified,agree,,
EStateM.instMonad,verified,verified,agree,,
EStateM.instMonadExceptOfOfBacktrackable,verified,verified,agree,,
EStateM.instMonadStateOf,verified,verified,agree,,
EStateM.instOrElseOfBacktrackable,verified,verified,agree,,
EStateM.map,verified,verified,agree,,
EStateM.modifyGet,verified,verified,agree,,
EStateM.modifyGet.match_1,verified,verified,agree,,
EStateM.nonBacktrackable,verified,verified,agree,,
EStateM.orElse,verified,verified,agree,,
EStateM.pure,verified,verified,agree,,
EStateM.run,verified,verified,agree,,
EStateM.run',verified,verified,agree,,
EStateM.seqRight,verified,verified,agree,,
EStateM.set,verified,verified,agree,,
EStateM.throw,verified,verified,agree,,
EStateM.tryCatch,verified,verified,agree,,
EStateM.tryCatch.match_1,verified,verified,agree,,
Empty,verified,verified,agree,,
Empty.casesOn,verified,verified,agree,,
Empty.noConfusion,verified,absent,only-one-side,,
Empty.noConfusionType,verified,absent,only-one-side,,
Empty.recOn,verified,verified,agree,,
Eq,verified,verified,agree,,
Eq.casesOn,verified,verified,agree,,
Eq.ndrec,verified,verified,agree,,
Eq.ndrec_symm,verified,verified,agree,,
Eq.recOn,verified,verified,agree,,
Eq.subst,verified,verified,agree,,
Eq.symm,verified,verified,agree,,
Eq.trans,verified,verified,agree,,
Except,verified,verified,agree,,
Except.casesOn,verified,verified,agree,,
Except.ctorElim,verified,verified,agree,,
Except.ctorElimType,verified,verified,agree,,
Except.ctorIdx,verified,verified,agree,,
Except.error.elim,verified,verified,agree,,
Except.error.noConfusion,verified,verified,agree,,
Except.noConfusion,verified,verified,agree,,
Except.noConfusionType,verified,verified,agree,,
Except.ok.elim,verified,verified,agree,,
Except.ok.noConfusion,verified,verified,agree,,
Except.recOn,verified,verified,agree,,
False,verified,verified,agree,,
False.casesOn,verified,verified,agree,,
False.elim,verified,verified,agree,,
False.recOn,verified,verified,agree,,
Fin,verified,verified,agree,,
Fin.Internal.ofNat,verified,verified,agree,,
Fin.casesOn,verified,verified,agree,,
Fin.ctorIdx,verified,verified,agree,,
Fin.decLe,verified,verified,agree,,
Fin.decLt,verified,verified,agree,,
Fin.eq_of_val_eq,verified,verified,agree,,
Fin.isLt,verified,verified,agree,,
Fin.mk._flat_ctor,absent,verified,only-one-side,,
Fin.mk.noConfusion,verified,verified,agree,,
Fin.noConfusion,verified,verified,agree,,
Fin.noConfusionType,verified,verified,agree,,
Fin.recOn,verified,verified,agree,,
Fin.val,verified,verified,agree,,
Fin.val_eq_of_eq,verified,verified,agree,,
Function.comp,verified,verified,agree,,
Function.const,verified,verified,agree,,
Functor,verified,verified,agree,,
Functor.casesOn,verified,verified,agree,,
Functor.ctorIdx,verified,verified,agree,,
Functor.map,verified,verified,agree,,
Functor.mapConst,verified,verified,agree,,
Functor.mapConst._default,absent,verified,only-one-side,,
Functor.mk._flat_ctor,absent,verified,only-one-side,,
Functor.mk.noConfusion,verified,verified,agree,,
Functor.noConfusion,verified,verified,agree,,
Functor.noConfusionType,verified,verified,agree,,
Functor.recOn,verified,verified,agree,,
GE.ge,verified,verified,agree,,
GT.gt,verified,verified,agree,,
HAdd,verified,verified,agree,,
HAdd.casesOn,verified,verified,agree,,
HAdd.ctorIdx,verified,verified,agree,,
HAdd.hAdd,verified,verified,agree,,
HAdd.mk._flat_ctor,absent,verified,only-one-side,,
HAdd.mk.noConfusion,verified,verified,agree,,
HAdd.noConfusion,verified,verified,agree,,
HAdd.noConfusionType,verified,verified,agree,,
HAdd.recOn,verified,verified,agree,,
HAnd,verified,verified,agree,,
HAnd.casesOn,verified,verified,agree,,
HAnd.ctorIdx,verified,verified,agree,,
HAnd.hAnd,verified,verified,agree,,
HAnd.mk._flat_ctor,absent,verified,only-one-side,,
HAnd.mk.noConfusion,verified,verified,agree,,
HAnd.noConfusion,verified,verified,agree,,
HAnd.noConfusionType,verified,verified,agree,,
HAnd.recOn,verified,verified,agree,,
HAndThen,verified,verified,agree,,
HAndThen.casesOn,verified,verified,agree,,
HAndThen.ctorIdx,verified,verified,agree,,
HAndThen.hAndThen,verified,verified,agree,,
HAndThen.mk._flat_ctor,absent,verified,only-one-side,,
HAndThen.mk.noConfusion,verified,verified,agree,,
HAndThen.noConfusion,verified,verified,agree,,
HAndThen.noConfusionType,verified,verified,agree,,
HAndThen.recOn,verified,verified,agree,,
HAppend,verified,verified,agree,,
HAppend.casesOn,verified,verified,agree,,
HAppend.ctorIdx,verified,verified,agree,,
HAppend.hAppend,verified,verified,agree,,
HAppend.mk._flat_ctor,absent,verified,only-one-side,,
HAppend.mk.noConfusion,verified,verified,agree,,
HAppend.noConfusion,verified,verified,agree,,
HAppend.noConfusionType,verified,verified,agree,,
HAppend.recOn,verified,verified,agree,,
HDiv,verified,verified,agree,,
HDiv.casesOn,verified,verified,agree,,
HDiv.ctorIdx,verified,verified,agree,,
HDiv.hDiv,verified,verified,agree,,
HDiv.mk._flat_ctor,absent,verified,only-one-side,,
HDiv.mk.noConfusion,verified,verified,agree,,
HDiv.noConfusion,verified,verified,agree,,
HDiv.noConfusionType,verified,verified,agree,,
HDiv.recOn,verified,verified,agree,,
HEq,verified,verified,agree,,
HEq.casesOn,verified,verified,agree,,
HEq.recOn,verified,verified,agree,,
HEq.rfl,verified,verified,agree,,
HMod,verified,verified,agree,,
HMod.casesOn,verified,verified,agree,,
HMod.ctorIdx,verified,verified,agree,,
HMod.hMod,verified,verified,agree,,
HMod.mk._flat_ctor,absent,verified,only-one-side,,
HMod.mk.noConfusion,verified,verified,agree,,
HMod.noConfusion,verified,verified,agree,,
HMod.noConfusionType,verified,verified,agree,,
HMod.recOn,verified,verified,agree,,
HMul,verified,verified,agree,,
HMul.casesOn,verified,verified,agree,,
HMul.ctorIdx,verified,verified,agree,,
HMul.hMul,verified,verified,agree,,
HMul.mk._flat_ctor,absent,verified,only-one-side,,
HMul.mk.noConfusion,verified,verified,agree,,
HMul.noConfusion,verified,verified,agree,,
HMul.noConfusionType,verified,verified,agree,,
HMul.recOn,verified,verified,agree,,
HOr,verified,verified,agree,,
HOr.casesOn,verified,verified,agree,,
HOr.ctorIdx,verified,verified,agree,,
HOr.hOr,verified,verified,agree,,
HOr.mk._flat_ctor,absent,verified,only-one-side,,
HOr.mk.noConfusion,verified,verified,agree,,
HOr.noConfusion,verified,verified,agree,,
HOr.noConfusionType,verified,verified,agree,,
HOr.recOn,verified,verified,agree,,
HOrElse,verified,verified,agree,,
HOrElse.casesOn,verified,verified,agree,,
HOrElse.ctorIdx,verified,verified,agree,,
HOrElse.hOrElse,verified,verified,agree,,
HOrElse.mk._flat_ctor,absent,verified,only-one-side,,
HOrElse.mk.noConfusion,verified,verified,agree,,
HOrElse.noConfusion,verified,verified,agree,,
HOrElse.noConfusionType,verified,verified,agree,,
HOrElse.recOn,verified,verified,agree,,
HPow,verified,verified,agree,,
HPow.casesOn,verified,verified,agree,,
HPow.ctorIdx,verified,verified,agree,,
HPow.hPow,verified,verified,agree,,
HPow.mk._flat_ctor,absent,verified,only-one-side,,
HPow.mk.noConfusion,verified,verified,agree,,
HPow.noConfusion,verified,verified,agree,,
HPow.noConfusionType,verified,verified,agree,,
HPow.recOn,verified,verified,agree,,
HSMul,verified,verified,agree,,
HSMul.casesOn,verified,verified,agree,,
HSMul.ctorIdx,verified,verified,agree,,
HSMul.hSMul,verified,verified,agree,,
HSMul.mk._flat_ctor,absent,verified,only-one-side,,
HSMul.mk.noConfusion,verified,verified,agree,,
HSMul.noConfusion,verified,verified,agree,,
HSMul.noConfusionType,verified,verified,agree,,
HSMul.recOn,verified,verified,agree,,
HShiftLeft,verified,verified,agree,,
HShiftLeft.casesOn,verified,verified,agree,,
HShiftLeft.ctorIdx,verified,verified,agree,,
HShiftLeft.hShiftLeft,verified,verified,agree,,
HShiftLeft.mk._flat_ctor,absent,verified,only-one-side,,
HShiftLeft.mk.noConfusion,verified,verified,agree,,
HShiftLeft.noConfusion,verified,verified,agree,,
HShiftLeft.noConfusionType,verified,verified,agree,,
HShiftLeft.recOn,verified,verified,agree,,
HShiftRight,verified,verified,agree,,
HShiftRight.casesOn,verified,verified,agree,,
HShiftRight.ctorIdx,verified,verified,agree,,
HShiftRight.hShiftRight,verified,verified,agree,,
HShiftRight.mk._flat_ctor,absent,verified,only-one-side,,
HShiftRight.mk.noConfusion,verified,verified,agree,,
HShiftRight.noConfusion,verified,verified,agree,,
HShiftRight.noConfusionType,verified,verified,agree,,
HShiftRight.recOn,verified,verified,agree,,
HSub,verified,verified,agree,,
HSub.casesOn,verified,verified,agree,,
HSub.ctorIdx,verified,verified,agree,,
HSub.hSub,verified,verified,agree,,
HSub.mk._flat_ctor,absent,verified,only-one-side,,
HSub.mk.noConfusion,verified,verified,agree,,
HSub.noConfusion,verified,verified,agree,,
HSub.noConfusionType,verified,verified,agree,,
HSub.recOn,verified,verified,agree,,
HXor,verified,verified,agree,,
HXor.casesOn,verified,verified,agree,,
HXor.ctorIdx,verified,verified,agree,,
HXor.hXor,verified,verified,agree,,
HXor.mk._flat_ctor,absent,verified,only-one-side,,
HXor.mk.noConfusion,verified,verified,agree,,
HXor.noConfusion,verified,verified,agree,,
HXor.noConfusionType,verified,verified,agree,,
HXor.recOn,verified,verified,agree,,
Hashable,verified,verified,agree,,
Hashable.casesOn,verified,verified,agree,,
Hashable.ctorIdx,verified,verified,agree,,
Hashable.hash,verified,verified,agree,,
Hashable.mk._flat_ctor,absent,verified,only-one-side,,
Hashable.mk.noConfusion,verified,verified,agree,,
Hashable.noConfusion,verified,verified,agree,,
Hashable.noConfusionType,verified,verified,agree,,
Hashable.recOn,verified,verified,agree,,
HomogeneousPow,verified,verified,agree,,
HomogeneousPow.casesOn,verified,verified,agree,,
HomogeneousPow.ctorIdx,verified,verified,agree,,
HomogeneousPow.mk._flat_ctor,absent,verified,only-one-side,,
HomogeneousPow.mk.noConfusion,verified,verified,agree,,
HomogeneousPow.noConfusion,verified,verified,agree,,
HomogeneousPow.noConfusionType,verified,verified,agree,,
HomogeneousPow.pow,verified,verified,agree,,
HomogeneousPow.recOn,verified,verified,agree,,
Inhabited,verified,verified,agree,,
Inhabited.casesOn,verified,verified,agree,,
Inhabited.default,verified,verified,agree,,
Inhabited.mk._flat_ctor,absent,verified,only-one-side,,
Inhabited.mk.noConfusion,verified,verified,agree,,
Inhabited.noConfusion,verified,verified,agree,,
Inhabited.noConfusionType,verified,verified,agree,,
Inhabited.recOn,verified,verified,agree,,
Inv,verified,verified,agree,,
Inv.casesOn,verified,verified,agree,,
Inv.ctorIdx,verified,verified,agree,,
Inv.inv,verified,verified,agree,,
Inv.mk._flat_ctor,absent,verified,only-one-side,,
Inv.mk.noConfusion,verified,verified,agree,,
Inv.noConfusion,verified,verified,agree,,
Inv.noConfusionType,verified,verified,agree,,
Inv.recOn,verified,verified,agree,,
LE,verified,verified,agree,,
LE.casesOn,verified,verified,agree,,
LE.ctorIdx,verified,verified,agree,,
LE.le,verified,verified,agree,,
LE.mk._flat_ctor,absent,verified,only-one-side,,
LE.mk.noConfusion,verified,verified,agree,,
LE.noConfusion,verified,verified,agree,,
LE.noConfusionType,verified,verified,agree,,
LE.recOn,verified,verified,agree,,
LT,verified,verified,agree,,
LT.casesOn,verified,verified,agree,,
LT.ctorIdx,verified,verified,agree,,
LT.lt,verified,verified,agree,,
LT.mk._flat_ctor,absent,verified,only-one-side,,
LT.mk.noConfusion,verified,verified,agree,,
LT.noConfusion,verified,verified,agree,,
LT.noConfusionType,verified,verified,agree,,
LT.recOn,verified,verified,agree,,
Lean.Macro,unsupported,verified,unsupported-skipped,dependency on an unsupported declaration,
Lean.Macro.Context,unsupported,verified,unsupported-skipped,dependency on an unsupported declaration,
Lean.Macro.Context.casesOn,unsupported,verified,unsupported-skipped,dependency on an unsupported declaration,
Lean.Macro.Context.ctorIdx,unsupported,verified,unsupported-skipped,dependency on an unsupported declaration,
Lean.Macro.Context.currMacroScope,unsupported,verified,unsupported-skipped,dependency on an unsupported declaration,
Lean.Macro.Context.currRecDepth,unsupported,verified,unsupported-skipped,dependency on an unsupported declaration,
Lean.Macro.Context.currRecDepth._default,absent,verified,only-one-side,,
Lean.Macro.Context.maxRecDepth,unsupported,verified,unsupported-skipped,dependency on an unsupported declaration,
Lean.Macro.Context.maxRecDepth._default,absent,verified,only-one-side,,
Lean.Macro.Context.methods,unsupported,verified,unsupported-skipped,dependency on an unsupported declaration,
Lean.Macro.Context.mk._flat_ctor,absent,verified,only-one-side,,
Lean.Macro.Context.mk.noConfusion,unsupported,verified,unsupported-skipped,dependency on an unsupported declaration,
Lean.Macro.Context.noConfusion,unsupported,verified,unsupported-skipped,dependency on an unsupported declaration,
Lean.Macro.Context.noConfusionType,unsupported,verified,unsupported-skipped,dependency on an unsupported declaration,
Lean.Macro.Context.quotContext,unsupported,verified,unsupported-skipped,dependency on an unsupported declaration,
Lean.Macro.Context.recOn,unsupported,verified,unsupported-skipped,dependency on an unsupported declaration,
Lean.Macro.Context.ref,unsupported,verified,unsupported-skipped,dependency on an unsupported declaration,
Lean.Macro.Exception,unsupported,verified,unsupported-skipped,dependency on an unsupported declaration,
Lean.Macro.Exception.casesOn,unsupported,verified,unsupported-skipped,dependency on an unsupported declaration,
Lean.Macro.Exception.ctorElim,unsupported,verified,unsupported-skipped,dependency on an unsupported declaration,
Lean.Macro.Exception.ctorElimType,unsupported,verified,unsupported-skipped,dependency on an unsupported declaration,
Lean.Macro.Exception.ctorIdx,unsupported,verified,unsupported-skipped,dependency on an unsupported declaration,
Lean.Macro.Exception.error.elim,unsupported,verified,unsupported-skipped,dependency on an unsupported declaration,
Lean.Macro.Exception.error.noConfusion,unsupported,verified,unsupported-skipped,dependency on an unsupported declaration,
Lean.Macro.Exception.noConfusion,unsupported,verified,unsupported-skipped,dependency on an unsupported declaration,
Lean.Macro.Exception.noConfusionType,unsupported,verified,unsupported-skipped,dependency on an unsupported declaration,
Lean.Macro.Exception.recOn,unsupported,verified,unsupported-skipped,dependency on an unsupported declaration,
Lean.Macro.Exception.unsupportedSyntax.elim,unsupported,verified,unsupported-skipped,dependency on an unsupported declaration,
Lean.Macro.Methods,unsupported,verified,unsupported-skipped,dependency on an unsupported declaration,
Lean.Macro.Methods.casesOn,unsupported,verified,unsupported-skipped,dependency on an unsupported declaration,
Lean.Macro.Methods.ctorIdx,unsupported,verified,unsupported-skipped,dependency on an unsupported declaration,
Lean.Macro.Methods.expandMacro?,unsupported,verified,unsupported-skipped,dependency on an unsupported declaration,
Lean.Macro.Methods.getCurrNamespace,unsupported,verified,unsupported-skipped,dependency on an unsupported declaration,
Lean.Macro.Methods.hasDecl,unsupported,verified,unsupported-skipped,dependency on an unsupported declaration,
Lean.Macro.Methods.mk._flat_ctor,absent,verified,only-one-side,,
Lean.Macro.Methods.mk.noConfusion,unsupported,verified,unsupported-skipped,dependency on an unsupported declaration,
Lean.Macro.Methods.noConfusion,unsupported,verified,unsupported-skipped,dependency on an unsupported declaration,
Lean.Macro.Methods.noConfusionType,unsupported,verified,unsupported-skipped,dependency on an unsupported declaration,
Lean.Macro.Methods.recOn,unsupported,verified,unsupported-skipped,dependency on an unsupported declaration,
Lean.Macro.Methods.resolveGlobalName,unsupported,verified,unsupported-skipped,dependency on an unsupported declaration,
Lean.Macro.Methods.resolveNamespace,unsupported,verified,unsupported-skipped,dependency on an unsupported declaration,
Lean.Macro.MethodsRef,verified,verified,agree,,
Lean.Macro.MethodsRefPointed,verified,verified,agree,,
Lean.Macro.State,verified,verified,agree,,
Lean.Macro.State.casesOn,verified,verified,agree,,
Lean.Macro.State.ctorIdx,verified,verified,agree,,
Lean.Macro.State.macroScope,verified,verified,agree,,
Lean.Macro.State.noConfusion,verified,verified,agree,,
Lean.Macro.State.noConfusionType,verified,verified,agree,,
Lean.Macro.State.recOn,verified,verified,agree,,
Lean.Macro.State.traceMsgs,verified,verified,agree,,
Lean.Macro.State.traceMsgs._default,absent,verified,only-one-side,,
Lean.Macro.addMacroScope,unsupported,verified,unsupported-skipped,dependency on an unsupported declaration,
Lean.Macro.expandMacro?,unsupported,verified,unsupported-skipped,dependency on an unsupported declaration,
Lean.Macro.getCurrNamespace,unsupported,verified,unsupported-skipped,dependency on an unsupported declaration,
Lean.Macro.getMethods,unsupported,verified,unsupported-skipped,dependency on an unsupported declaration,
Lean.Macro.hasDecl,unsupported,verified,unsupported-skipped,dependency on an unsupported declaration,
Lean.Macro.instInhabitedMethods,unsupported,verified,unsupported-skipped,dependency on an unsupported declaration,
Lean.Macro.instInhabitedMethods.default,unsupported,verified,unsupported-skipped,dependency on an unsupported declaration,
Lean.Macro.instInhabitedMethodsRef,unsupported,verified,unsupported-skipped,dependency on an unsupported declaration,
Lean.Macro.instInhabitedState,verified,verified,agree,,
Lean.Macro.instInhabitedState.default,verified,verified,agree,,
Lean.Macro.instMonadQuotationMacroM,unsupported,verified,unsupported-skipped,dependency on an unsupported declaration,
Lean.Macro.instMonadRefMacroM,unsupported,verified,unsupported-skipped,dependency on an unsupported declaration,
Lean.Macro.instNonemptyMethodsRef,verified,verified,agree,,
Lean.Macro.mkMethods,unsupported,verified,unsupported-skipped,dependency on an unsupported declaration,
Lean.Macro.resolveGlobalName,unsupported,verified,unsupported-skipped,dependency on an unsupported declaration,
Lean.Macro.resolveNamespace,unsupported,verified,unsupported-skipped,dependency on an unsupported declaration,
Lean.Macro.throwError,unsupported,verified,unsupported-skipped,dependency on an unsupported declaration,
Lean.Macro.throwErrorAt,unsupported,verified,unsupported-skipped,dependency on an unsupported declaration,
Lean.Macro.throwUnsupported,unsupported,verified,unsupported-skipped,dependency on an unsupported declaration,
Lean.Macro.trace,unsupported,verified,unsupported-skipped,dependency on an unsupported declaration,
Lean.Macro.withFreshMacroScope,unsupported,verified,unsupported-skipped,dependency on an unsupported declaration,
Lean.Macro.withIncRecDepth,unsupported,verified,unsupported-skipped,dependency on an unsupported declaration,
Lean.MacroM,unsupported,verified,unsupported-skipped,dependency on an unsupported declaration,
Lean.MacroScope,verified,verified,agree,,
Lean.MacroScopesView,verified,verified,agree,,
Lean.MacroScopesView.casesOn,verified,verified,agree,,
Lean.MacroScopesView.ctorIdx,verified,verified,agree,,
Lean.MacroScopesView.ctx,verified,verified,agree,,
Lean.MacroScopesView.imported,verified,verified,agree,,
Lean.MacroScopesView.mk._flat_ctor,absent,verified,only-one-side,,
Lean.MacroScopesView.mk.noConfusion,verified,verified,agree,,
Lean.MacroScopesView.name,verified,verified,agree,,
Lean.MacroScopesView.noConfusion,verified,verified,agree,,
Lean.MacroScopesView.noConfusionType,verified,verified,agree,,
Lean.MacroScopesView.recOn,verified,verified,agree,,
Lean.MacroScopesView.review,verified,verified,agree,,
Lean.MacroScopesView.scopes,verified,verified,agree,,
Lean.MonadQuotation,unsupported,verified,unsupported-skipped,dependency on an unsupported declaration,
Lean.MonadQuotation.addMacroScope,unsupported,verified,unsupported-skipped,dependency on an unsupported declaration,
Lean.MonadQuotation.casesOn,unsupported,verified,unsupported-skipped,dependency on an unsupported declaration,
Lean.MonadQuotation.ctorIdx,unsupported,verified,unsupported-skipped,dependency on an unsupported declaration,
Lean.MonadQuotation.getContext,unsupported,verified,unsupported-skipped,dependency on an unsupported declaration,
Lean.MonadQuotation.getCurrMacroScope,unsupported,verified,unsupported-skipped,dependency on an unsupported declaration,
Lean.MonadQuotation.getMainModule,unsupported,verified,unsupported-skipped,dependency on an unsupported declaration,
Lean.MonadQuotation.mk._flat_ctor,absent,verified,only-one-side,,
Lean.MonadQuotation.mk.noConfusion,unsupported,verified,unsupported-skipped,dependency on an unsupported declaration,
Lean.MonadQuotation.noConfusion,unsupported,verified,unsupported-skipped,dependency on an unsupported declaration,
Lean.MonadQuotation.noConfusionType,unsupported,verified,unsupported-skipped,dependency on an unsupported declaration,
Lean.MonadQuotation.recOn,unsupported,verified,unsupported-skipped,dependency on an unsupported declaration,
Lean.MonadQuotation.toMonadRef,unsupported,verified,unsupported-skipped,dependency on an unsupported declaration,
Lean.MonadQuotation.withFreshMacroScope,unsupported,verified,unsupported-skipped,dependency on an unsupported declaration,
Lean.MonadRef,unsupported,verified,unsupported-skipped,dependency on an unsupported declaration,
Lean.MonadRef.casesOn,unsupported,verified,unsupported-skipped,dependency on an unsupported declaration,
Lean.MonadRef.ctorIdx,unsupported,verified,unsupported-skipped,dependency on an unsupported declaration,
Lean.MonadRef.getRef,unsupported,verified,unsupported-skipped,dependency on an unsupported declaration,
Lean.MonadRef.mk._flat_ctor,absent,verified,only-one-side,,
Lean.MonadRef.mk.noConfusion,unsupported,verified,unsupported-skipped,dependency on an unsupported declaration,
Lean.MonadRef.mkInfoFromRefPos,unsupported,verified,unsupported-skipped,dependency on an unsupported declaration,
Lean.MonadRef.noConfusion,unsupported,verified,unsupported-skipped,dependency on an unsupported declaration,
Lean.MonadRef.noConfusionType,unsupported,verified,unsupported-skipped,dependency on an unsupported declaration,
Lean.MonadRef.recOn,unsupported,verified,unsupported-skipped,dependency on an unsupported declaration,
Lean.MonadRef.withRef,unsupported,verified,unsupported-skipped,dependency on an unsupported declaration,
Lean.Name,verified,verified,agree,,
Lean.Name._impl,absent,verified,only-one-side,,
Lean.Name._impl.casesOn,absent,verified,only-one-side,,
Lean.Name.anonymous.elim,verified,verified,agree,,
Lean.Name.append,verified,verified,agree,,
Lean.Name.append.match_1,verified,verified,agree,,
Lean.Name.appendCore,verified,verified,agree,,
Lean.Name.appendCore._f,verified,absent,only-one-side,,
Lean.Name.appendCore._sunfold,absent,verified,only-one-side,,
Lean.Name.appendCore.match_1,verified,verified,agree,,
Lean.Name.below,verified,verified,agree,,
Lean.Name.beq,verified,verified,agree,,
Lean.Name.beq._f,verified,absent,only-one-side,,
Lean.Name.beq._sunfold,absent,verified,only-one-side,,
Lean.Name.brecOn,verified,verified,agree,,
Lean.Name.brecOn.eq,verified,verified,agree,,
Lean.Name.brecOn.go,verified,verified,agree,,
Lean.Name.casesOn,verified,verified,agree,,
Lean.Name.ctorElim,verified,verified,agree,,
Lean.Name.ctorElimType,verified,verified,agree,,
Lean.Name.ctorIdx,verified,verified,agree,,
Lean.Name.eraseMacroScopes,verified,verified,agree,,
Lean.Name.hasMacroScopes,verified,verified,agree,,
Lean.Name.hasMacroScopes._f,verified,absent,only-one-side,,
Lean.Name.hasMacroScopes._sunfold,absent,verified,only-one-side,,
Lean.Name.hasMacroScopes.match_1,verified,verified,agree,,
Lean.Name.hash,verified,verified,agree,,
Lean.Name.hash._f,verified,absent,only-one-side,,
Lean.Name.hash._sunfold,absent,verified,only-one-side,,
Lean.Name.instBEq,verified,verified,agree,,
Lean.Name.mkNum,verified,verified,agree,,
Lean.Name.mkSimple,verified,verified,agree,,
Lean.Name.mkStr,verified,verified,agree,,
Lean.Name.mkStr1,verified,verified,agree,,
Lean.Name.mkStr2,verified,verified,agree,,
Lean.Name.mkStr3,verified,verified,agree,,
Lean.Name.mkStr4,verified,verified,agree,,
Lean.Name.mkStr5,verified,verified,agree,,
Lean.Name.mkStr6,verified,verified,agree,,
Lean.Name.mkStr7,verified,verified,agree,,
Lean.Name.mkStr8,verified,verified,agree,,
Lean.Name.noConfusion,verified,verified,agree,,
Lean.Name.noConfusionType,verified,verified,agree,,
Lean.Name.num.elim,verified,verified,agree,,
Lean.Name.num.noConfusion,verified,verified,agree,,
Lean.Name.recOn,verified,verified,agree,,
Lean.Name.simpMacroScopes,verified,verified,agree,,
Lean.Name.str.elim,verified,verified,agree,,
Lean.Name.str.noConfusion,verified,verified,agree,,
Lean.ParserDescr,verified,verified,agree,,
Lean.ParserDescr.below,verified,verified,agree,,
Lean.ParserDescr.binary.elim,verified,verified,agree,,
Lean.ParserDescr.binary.noConfusion,verified,verified,agree,,
Lean.ParserDescr.brecOn,verified,verified,agree,,
Lean.ParserDescr.brecOn.eq,verified,verified,agree,,
Lean.ParserDescr.brecOn.go,verified,verified,agree,,
Lean.ParserDescr.casesOn,verified,verified,agree,,
Lean.ParserDescr.cat.elim,verified,verified,agree,,
Lean.ParserDescr.cat.noConfusion,verified,verified,agree,,
Lean.ParserDescr.const.elim,verified,verified,agree,,
Lean.ParserDescr.const.noConfusion,verified,verified,agree,,
Lean.ParserDescr.ctorElim,verified,verified,agree,,
Lean.ParserDescr.ctorElimType,verified,verified,agree,,
Lean.ParserDescr.ctorIdx,verified,verified,agree,,
Lean.ParserDescr.noConfusion,verified,verified,agree,,
Lean.ParserDescr.noConfusionType,verified,verified,agree,,
Lean.ParserDescr.node.elim,verified,verified,agree,,
Lean.ParserDescr.node.noConfusion,verified,verified,agree,,
Lean.ParserDescr.nodeWithAntiquot.elim,verified,verified,agree,,
Lean.ParserDescr.nodeWithAntiquot.noConfusion,verified,verified,agree,,
Lean.ParserDescr.nonReservedSymbol.elim,verified,verified,agree,,
Lean.ParserDescr.nonReservedSymbol.noConfusion,verified,verified,agree,,
Lean.ParserDescr.parser.elim,verified,verified,agree,,
Lean.ParserDescr.parser.noConfusion,verified,verified,agree,,
Lean.ParserDescr.recOn,verified,verified,agree,,
Lean.ParserDescr.sepBy.elim,verified,verified,agree,,
Lean.ParserDescr.sepBy.noConfusion,verified,verified,agree,,
Lean.ParserDescr.sepBy1.elim,verified,verified,agree,,
Lean.ParserDescr.sepBy1.noConfusion,verified,verified,agree,,
Lean.ParserDescr.symbol.elim,verified,verified,agree,,
Lean.ParserDescr.symbol.noConfusion,verified,verified,agree,,
Lean.ParserDescr.trailingNode.elim,verified,verified,agree,,
Lean.ParserDescr.trailingNode.noConfusion,verified,verified,agree,,
Lean.ParserDescr.unary.elim,verified,verified,agree,,
Lean.ParserDescr.unary.noConfusion,verified,verified,agree,,
Lean.ParserDescr.unicodeSymbol.elim,verified,verified,agree,,
Lean.ParserDescr.unicodeSymbol.noConfusion,verified,verified,agree,,
Lean.PrettyPrinter.UnexpandM,unsupported,verified,unsupported-skipped,dependency on an unsupported declaration,
Lean.PrettyPrinter.Unexpander,unsupported,verified,unsupported-skipped,dependency on an unsupported declaration,
Lean.PrettyPrinter.instMonadQuotationUnexpandM,unsupported,verified,unsupported-skipped,dependency on an unsupported declaration,
Lean.SourceInfo,verified,verified,agree,,
Lean.SourceInfo.casesOn,verified,verified,agree,,
Lean.SourceInfo.ctorElim,verified,verified,agree,,
Lean.SourceInfo.ctorElimType,verified,verified,agree,,
Lean.SourceInfo.ctorIdx,verified,verified,agree,,
Lean.SourceInfo.fromRef,unsupported,verified,unsupported-skipped,dependency on an unsupported declaration,
Lean.SourceInfo.getPos?,verified,verified,agree,,
Lean.SourceInfo.getTailPos?,verified,verified,agree,,
Lean.SourceInfo.getTrailing?,verified,verified,agree,,
Lean.SourceInfo.getTrailingTailPos?,verified,verified,agree,,
Lean.SourceInfo.noConfusion,verified,verified,agree,,
Lean.SourceInfo.noConfusionType,verified,verified,agree,,
Lean.SourceInfo.none.elim,verified,verified,agree,,
Lean.SourceInfo.original.elim,verified,verified,agree,,
Lean.SourceInfo.original.noConfusion,verified,verified,agree,,
Lean.SourceInfo.recOn,verified,verified,agree,,
Lean.SourceInfo.synthetic.elim,verified,verified,agree,,
Lean.SourceInfo.synthetic.noConfusion,verified,verified,agree,,
Lean.Syntax,unsupported,verified,unsupported-skipped,nested inductives,
Lean.Syntax.Preresolved,verified,verified,agree,,
Lean.Syntax.Preresolved.casesOn,verified,verified,agree,,
Lean.Syntax.Preresolved.ctorElim,verified,verified,agree,,
Lean.Syntax.Preresolved.ctorElimType,verified,verified,agree,,
Lean.Syntax.Preresolved.ctorIdx,verified,verified,agree,,
Lean.Syntax.Preresolved.decl.elim,verified,verified,agree,,
Lean.Syntax.Preresolved.decl.noConfusion,verified,verified,agree,,
Lean.Syntax.Preresolved.namespace.elim,verified,verified,agree,,
Lean.Syntax.Preresolved.namespace.noConfusion,verified,verified,agree,,
Lean.Syntax.Preresolved.noConfusion,verified,verified,agree,,
Lean.Syntax.Preresolved.noConfusionType,verified,verified,agree,,
Lean.Syntax.Preresolved.recOn,verified,verified,agree,,
Lean.Syntax.SepArray,unsupported,verified,unsupported-skipped,dependency on an unsupported declaration,
Lean.Syntax.SepArray.casesOn,unsupported,verified,unsupported-skipped,dependency on an unsupported declaration,
Lean.Syntax.SepArray.ctorIdx,unsupported,verified,unsupported-skipped,dependency on an unsupported declaration,
Lean.Syntax.SepArray.elemsAndSeps,unsupported,verified,unsupported-skipped,dependency on an unsupported declaration,
Lean.Syntax.SepArray.mk._flat_ctor,absent,verified,only-one-side,,
Lean.Syntax.SepArray.mk.noConfusion,unsupported,verified,unsupported-skipped,dependency on an unsupported declaration,
Lean.Syntax.SepArray.noConfusion,unsupported,verified,unsupported-skipped,dependency on an unsupported declaration,
Lean.Syntax.SepArray.noConfusionType,unsupported,verified,unsupported-skipped,dependency on an unsupported declaration,
Lean.Syntax.SepArray.recOn,unsupported,verified,unsupported-skipped,dependency on an unsupported declaration,
Lean.Syntax.TSepArray,unsupported,verified,unsupported-skipped,dependency on an unsupported declaration,
Lean.Syntax.TSepArray.casesOn,unsupported,verified,unsupported-skipped,dependency on an unsupported declaration,
Lean.Syntax.TSepArray.ctorIdx,unsupported,verified,unsupported-skipped,dependency on an unsupported declaration,
Lean.Syntax.TSepArray.elemsAndSeps,unsupported,verified,unsupported-skipped,dependency on an unsupported declaration,
Lean.Syntax.TSepArray.mk._flat_ctor,absent,verified,only-one-side,,
Lean.Syntax.TSepArray.mk.noConfusion,unsupported,verified,unsupported-skipped,dependency on an unsupported declaration,
Lean.Syntax.TSepArray.noConfusion,unsupported,verified,unsupported-skipped,dependency on an unsupported declaration,
Lean.Syntax.TSepArray.noConfusionType,unsupported,verified,unsupported-skipped,dependency on an unsupported declaration,
Lean.Syntax.TSepArray.recOn,unsupported,verified,unsupported-skipped,dependency on an unsupported declaration,
Lean.Syntax.atom.elim,unsupported,verified,unsupported-skipped,dependency on an unsupported declaration,
Lean.Syntax.atom.noConfusion,unsupported,verified,unsupported-skipped,dependency on an unsupported declaration,
Lean.Syntax.below,unsupported,verified,unsupported-skipped,dependency on an unsupported declaration,
Lean.Syntax.below_1,unsupported,verified,unsupported-skipped,dependency on an unsupported declaration,
Lean.Syntax.below_2,unsupported,verified,unsupported-skipped,dependency on an unsupported declaration,
Lean.Syntax.brecOn,unsupported,verified,unsupported-skipped,dependency on an unsupported declaration,
Lean.Syntax.brecOn.eq,unsupported,verified,unsupported-skipped,dependency on an unsupported declaration,
Lean.Syntax.brecOn.go,unsupported,verified,unsupported-skipped,dependency on an unsupported declaration,
Lean.Syntax.brecOn_1,unsupported,verified,unsupported-skipped,dependency on an unsupported declaration,
Lean.Syntax.brecOn_1.eq,unsupported,verified,unsupported-skipped,dependency on an unsupported declaration,
Lean.Syntax.brecOn_1.go,unsupported,verified,unsupported-skipped,dependency on an unsupported declaration,
Lean.Syntax.brecOn_2,unsupported,verified,unsupported-skipped,dependency on an unsupported declaration,
Lean.Syntax.brecOn_2.eq,unsupported,verified,unsupported-skipped,dependency on an unsupported declaration,
Lean.Syntax.brecOn_2.go,unsupported,verified,unsupported-skipped,dependency on an unsupported declaration,
Lean.Syntax.casesOn,unsupported,verified,unsupported-skipped,dependency on an unsupported declaration,
Lean.Syntax.ctorElim,unsupported,verified,unsupported-skipped,dependency on an unsupported declaration,
Lean.Syntax.ctorElimType,unsupported,verified,unsupported-skipped,dependency on an unsupported declaration,
Lean.Syntax.ctorIdx,unsupported,verified,unsupported-skipped,dependency on an unsupported declaration,
Lean.Syntax.getArg,unsupported,verified,unsupported-skipped,dependency on an unsupported declaration,
Lean.Syntax.getArgs,unsupported,verified,unsupported-skipped,dependency on an unsupported declaration,
Lean.Syntax.getHeadInfo,unsupported,verified,unsupported-skipped,dependency on an unsupported declaration,
Lean.Syntax.getHeadInfo?,unsupported,verified,unsupported-skipped,dependency on an unsupported declaration,
Lean.Syntax.getId,unsupported,verified,unsupported-skipped,dependency on an unsupported declaration,
Lean.Syntax.getInfo?,unsupported,verified,unsupported-skipped,dependency on an unsupported declaration,
Lean.Syntax.getKind,unsupported,verified,unsupported-skipped,dependency on an unsupported declaration,
Lean.Syntax.getNumArgs,unsupported,verified,unsupported-skipped,dependency on an unsupported declaration,
Lean.Syntax.getOptional?,unsupported,verified,unsupported-skipped,dependency on an unsupported declaration,
Lean.Syntax.getPos?,unsupported,verified,unsupported-skipped,dependency on an unsupported declaration,
Lean.Syntax.getTailPos?,unsupported,verified,unsupported-skipped,dependency on an unsupported declaration,
Lean.Syntax.ident.elim,unsupported,verified,unsupported-skipped,dependency on an unsupported declaration,
Lean.Syntax.ident.noConfusion,unsupported,verified,unsupported-skipped,dependency on an unsupported declaration,
Lean.Syntax.isIdent,unsupported,verified,unsupported-skipped,dependency on an unsupported declaration,
Lean.Syntax.isMissing,unsupported,verified,unsupported-skipped,dependency on an unsupported declaration,
Lean.Syntax.isNodeOf,unsupported,verified,unsupported-skipped,dependency on an unsupported declaration,
Lean.Syntax.isOfKind,unsupported,verified,unsupported-skipped,dependency on an unsupported declaration,
Lean.Syntax.matchesIdent,unsupported,verified,unsupported-skipped,dependency on an unsupported declaration,
Lean.Syntax.matchesLit,unsupported,verified,unsupported-skipped,dependency on an unsupported declaration,
Lean.Syntax.matchesNull,unsupported,verified,unsupported-skipped,dependency on an unsupported declaration,
Lean.Syntax.missing.elim,unsupported,verified,unsupported-skipped,dependency on an unsupported declaration,
Lean.Syntax.noConfusion,unsupported,verified,unsupported-skipped,dependency on an unsupported declaration,
Lean.Syntax.noConfusionType,unsupported,verified,unsupported-skipped,dependency on an unsupported declaration,
Lean.Syntax.node.elim,unsupported,verified,unsupported-skipped,dependency on an unsupported declaration,
Lean.Syntax.node.noConfusion,unsupported,verified,unsupported-skipped,dependency on an unsupported declaration,
Lean.Syntax.node1,unsupported,verified,unsupported-skipped,dependency on an unsupported declaration,
Lean.Syntax.node2,unsupported,verified,unsupported-skipped,dependency on an unsupported declaration,
Lean.Syntax.node3,unsupported,verified,unsupported-skipped,dependency on an unsupported declaration,
Lean.Syntax.node4,unsupported,verified,unsupported-skipped,dependency on an unsupported declaration,
Lean.Syntax.node5,unsupported,verified,unsupported-skipped,dependency on an unsupported declaration,
Lean.Syntax.node6,unsupported,verified,unsupported-skipped,dependency on an unsupported declaration,
Lean.Syntax.node7,unsupported,verified,unsupported-skipped,dependency on an unsupported declaration,
Lean.Syntax.node8,unsupported,verified,unsupported-skipped,dependency on an unsupported declaration,
Lean.Syntax.recOn,unsupported,verified,unsupported-skipped,dependency on an unsupported declaration,
Lean.Syntax.setKind,unsupported,verified,unsupported-skipped,dependency on an unsupported declaration,
Lean.SyntaxNodeKind,verified,verified,agree,,
Lean.SyntaxNodeKinds,verified,verified,agree,,
Lean.TSyntax,unsupported,verified,unsupported-skipped,dependency on an unsupported declaration,
Lean.TSyntax.casesOn,unsupported,verified,unsupported-skipped,dependency on an unsupported declaration,
Lean.TSyntax.ctorIdx,unsupported,verified,unsupported-skipped,dependency on an unsupported declaration,
Lean.TSyntax.mk._flat_ctor,absent,verified,only-one-side,,
Lean.TSyntax.mk.noConfusion,unsupported,verified,unsupported-skipped,dependency on an unsupported declaration,
Lean.TSyntax.noConfusion,unsupported,verified,unsupported-skipped,dependency on an unsupported declaration,
Lean.TSyntax.noConfusionType,unsupported,verified,unsupported-skipped,dependency on an unsupported declaration,
Lean.TSyntax.raw,unsupported,verified,unsupported-skipped,dependency on an unsupported declaration,
Lean.TSyntax.recOn,unsupported,verified,unsupported-skipped,dependency on an unsupported declaration,
Lean.TSyntaxArray,unsupported,verified,unsupported-skipped,dependency on an unsupported declaration,
Lean.TSyntaxArray.mk,unsupported,verified,unsupported-skipped,dependency on an unsupported declaration,
Lean.TSyntaxArray.raw,unsupported,verified,unsupported-skipped,dependency on an unsupported declaration,
Lean.TrailingParserDescr,verified,verified,agree,,
Lean.addMacroScope,verified,verified,agree,,
Lean.charLitKind,verified,verified,agree,,
Lean.choiceKind,verified,verified,agree,,
Lean.defaultMaxRecDepth,verified,verified,agree,,
Lean.extractMacroScopes,verified,verified,agree,,
Lean.fieldIdxKind,verified,verified,agree,,
Lean.firstFrontendMacroScope,verified,verified,agree,,
Lean.groupKind,verified,verified,agree,,
Lean.hexnumKind,verified,verified,agree,,
Lean.hygieneInfoKind,verified,verified,agree,,
Lean.identKind,verified,verified,agree,,
Lean.instAppendName,verified,verified,agree,,
Lean.instHashableName,verified,verified,agree,,
Lean.instInhabitedMacroScopesView,verified,verified,agree,,
Lean.instInhabitedName,verified,verified,agree,,
Lean.instInhabitedParserDescr,verified,verified,agree,,
Lean.instInhabitedSourceInfo,verified,verified,agree,,
Lean.instInhabitedSyntax,unsupported,verified,unsupported-skipped,dependency on an unsupported declaration,
Lean.instInhabitedTSyntax,unsupported,verified,unsupported-skipped,dependency on an unsupported declaration,
Lean.instMonadQuotationOfMonadFunctorOfMonadLift,unsupported,verified,unsupported-skipped,dependency on an unsupported declaration,
Lean.instMonadRefOfMonadLiftOfMonadFunctor,unsupported,verified,unsupported-skipped,dependency on an unsupported declaration,
Lean.interpolatedStrKind,verified,verified,agree,,
Lean.interpolatedStrLitKind,verified,verified,agree,,
Lean.maxRecDepthErrorMessage,verified,verified,agree,,
Lean.mkAtom,unsupported,verified,unsupported-skipped,dependency on an unsupported declaration,
Lean.mkAtomFrom,unsupported,verified,unsupported-skipped,dependency on an unsupported declaration,
Lean.mkNode,unsupported,verified,unsupported-skipped,dependency on an unsupported declaration,
Lean.mkNullNode,unsupported,verified,unsupported-skipped,dependency on an unsupported declaration,
Lean.nameLitKind,verified,verified,agree,,
Lean.nullKind,verified,verified,agree,,
Lean.numLitKind,verified,verified,agree,,
Lean.replaceRef,unsupported,verified,unsupported-skipped,dependency on an unsupported declaration,
Lean.reservedMacroScope,verified,verified,agree,,
Lean.scientificLitKind,verified,verified,agree,,
Lean.strLitKind,verified,verified,agree,,
Lean.withRef,unsupported,verified,unsupported-skipped,dependency on an unsupported declaration,
Lean.withRef?,unsupported,verified,unsupported-skipped,dependency on an unsupported declaration,
List,verified,verified,agree,,
List.append,verified,verified,agree,,
List.append._f,verified,absent,only-one-side,,
List.append._sunfold,absent,verified,only-one-side,,
List.append.match_1,verified,verified,agree,,
List.below,verified,verified,agree,,
List.brecOn,verified,verified,agree,,
List.brecOn.eq,verified,verified,agree,,
List.brecOn.go,verified,verified,agree,,
List.casesOn,verified,verified,agree,,
List.concat,verified,verified,agree,,
List.concat._f,verified,absent,only-one-side,,
List.concat._sunfold,absent,verified,only-one-side,,
List.concat.match_1,verified,verified,agree,,
List.cons.elim,verified,verified,agree,,
List.cons.noConfusion,verified,verified,agree,,
List.ctorElim,verified,verified,agree,,
List.ctorElimType,verified,verified,agree,,
List.ctorIdx,verified,verified,agree,,
List.flatMap,verified,verified,agree,,
List.flatten,verified,verified,agree,,
List.flatten._f,verified,absent,only-one-side,,
List.flatten._sunfold,absent,verified,only-one-side,,
List.flatten.match_1,verified,verified,agree,,
List.foldl,verified,verified,agree,,
List.foldl._f,verified,absent,only-one-side,,
List.foldl._sunfold,absent,verified,only-one-side,,
List.foldl.match_1,verified,verified,agree,,
List.get,verified,verified,agree,,
List.get._f,verified,absent,only-one-side,,
List.get._proof_1,absent,verified,only-one-side,,
List.get._sunfold,absent,verified,only-one-side,,
List.get.match_1,verified,verified,agree,,
List.hasDecEq,verified,verified,agree,,
List.hasDecEq._f,verified,absent,only-one-side,,
List.hasDecEq._proof_1,verified,verified,agree,,
List.hasDecEq._proof_2,verified,verified,agree,,
List.hasDecEq._proof_3,verified,verified,agree,,
List.hasDecEq._proof_4,verified,verified,agree,,
List.hasDecEq._proof_5,verified,verified,agree,,
List.hasDecEq._proof_6,verified,verified,agree,,
List.hasDecEq._sunfold,absent,verified,only-one-side,,
List.hasDecEq.match_1,verified,verified,agree,,
List.hasDecEq.match_3,verified,verified,agree,,
List.hasDecEq.match_5,verified,verified,agree,,
List.instDecidableEqNil,verified,verified,agree,,
List.instDecidableNilEq,verified,verified,agree,,
List.length,verified,verified,agree,,
List.length._f,verified,absent,only-one-side,,
List.length._sunfold,absent,verified,only-one-side,,
List.lengthTR,verified,verified,agree,,
List.lengthTRAux,verified,verified,agree,,
List.lengthTRAux._f,verified,absent,only-one-side,,
List.lengthTRAux._sunfold,absent,verified,only-one-side,,
List.lengthTRAux.match_1,verified,verified,agree,,
List.map,verified,verified,agree,,
List.map._f,verified,absent,only-one-side,,
List.map._sunfold,absent,verified,only-one-side,,
List.nil.elim,verified,verified,agree,,
List.noConfusion,verified,verified,agree,,
List.noConfusionType,verified,verified,agree,,
List.recOn,verified,verified,agree,,
List.set,verified,verified,agree,,
List.set._f,verified,absent,only-one-side,,
List.set._sunfold,absent,verified,only-one-side,,
List.set.match_1,verified,verified,agree,,
List.toArray,verified,verified,agree,,
List.toByteArray,verified,verified,agree,,
List.toByteArray.loop,verified,verified,agree,,
List.toByteArray.loop._f,verified,absent,only-one-side,,
List.toByteArray.loop._sunfold,absent,verified,only-one-side,,
List.toByteArray.match_1,verified,verified,agree,,
List.utf8Encode,verified,verified,agree,,
MProd,verified,verified,agree,,
MProd.casesOn,verified,verified,agree,,
MProd.fst,verified,verified,agree,,
MProd.mk._flat_ctor,absent,verified,only-one-side,,
MProd.mk.noConfusion,verified,verified,agree,,
MProd.noConfusion,verified,verified,agree,,
MProd.noConfusionType,verified,verified,agree,,
MProd.recOn,verified,verified,agree,,
MProd.snd,verified,verified,agree,,
Max,verified,verified,agree,,
Max.casesOn,verified,verified,agree,,
Max.ctorIdx,verified,verified,agree,,
Max.max,verified,verified,agree,,
Max.mk._flat_ctor,absent,verified,only-one-side,,
Max.mk.noConfusion,verified,verified,agree,,
Max.noConfusion,verified,verified,agree,,
Max.noConfusionType,verified,verified,agree,,
Max.recOn,verified,verified,agree,,
Membership,verified,verified,agree,,
Membership.casesOn,verified,verified,agree,,
Membership.ctorIdx,verified,verified,agree,,
Membership.mem,verified,verified,agree,,
Membership.mk._flat_ctor,absent,verified,only-one-side,,
Membership.mk.noConfusion,verified,verified,agree,,
Membership.noConfusion,verified,verified,agree,,
Membership.noConfusionType,verified,verified,agree,,
Membership.recOn,verified,verified,agree,,
Min,verified,verified,agree,,
Min.casesOn,verified,verified,agree,,
Min.ctorIdx,verified,verified,agree,,
Min.min,verified,verified,agree,,
Min.mk._flat_ctor,absent,verified,only-one-side,,
Min.mk.noConfusion,verified,verified,agree,,
Min.noConfusion,verified,verified,agree,,
Min.noConfusionType,verified,verified,agree,,
Min.recOn,verified,verified,agree,,
Mod,verified,verified,agree,,
Mod.casesOn,verified,verified,agree,,
Mod.ctorIdx,verified,verified,agree,,
Mod.mk._flat_ctor,absent,verified,only-one-side,,
Mod.mk.noConfusion,verified,verified,agree,,
Mod.mod,verified,verified,agree,,
Mod.noConfusion,verified,verified,agree,,
Mod.noConfusionType,verified,verified,agree,,
Mod.recOn,verified,verified,agree,,
Monad,verified,verified,agree,,
Monad.casesOn,verified,verified,agree,,
Monad.ctorIdx,verified,verified,agree,,
Monad.map._default,absent,verified,only-one-side,,
Monad.mapConst._inherited_default,absent,verified,only-one-side,,
Monad.mk._flat_ctor,absent,verified,only-one-side,,
Monad.mk.noConfusion,verified,verified,agree,,
Monad.noConfusion,verified,verified,agree,,
Monad.noConfusionType,verified,verified,agree,,
Monad.recOn,verified,verified,agree,,
Monad.seq._default,absent,verified,only-one-side,,
Monad.seqLeft._default,absent,verified,only-one-side,,
Monad.seqRight._default,absent,verified,only-one-side,,
Monad.toApplicative,verified,verified,agree,,
Monad.toBind,verified,verified,agree,,
MonadEval,verified,verified,agree,,
MonadEval.casesOn,verified,verified,agree,,
MonadEval.ctorIdx,verified,verified,agree,,
MonadEval.mk._flat_ctor,absent,verified,only-one-side,,
MonadEval.mk.noConfusion,verified,verified,agree,,
MonadEval.monadEval,verified,verified,agree,,
MonadEval.noConfusion,verified,verified,agree,,
MonadEval.noConfusionType,verified,verified,agree,,
MonadEval.recOn,verified,verified,agree,,
MonadEvalT,verified,verified,agree,,
MonadEvalT.casesOn,verified,verified,agree,,
MonadEvalT.ctorIdx,verified,verified,agree,,
MonadEvalT.mk._flat_ctor,absent,verified,only-one-side,,
MonadEvalT.mk.noConfusion,verified,verified,agree,,
MonadEvalT.monadEval,verified,verified,agree,,
MonadEvalT.noConfusion,verified,verified,agree,,
MonadEvalT.noConfusionType,verified,verified,agree,,
MonadEvalT.recOn,verified,verified,agree,,
MonadExcept,verified,verified,agree,,
MonadExcept.casesOn,verified,verified,agree,,
MonadExcept.ctorIdx,verified,verified,agree,,
MonadExcept.instOrElse,verified,verified,agree,,
MonadExcept.mk._flat_ctor,absent,verified,only-one-side,,
MonadExcept.mk.noConfusion,verified,verified,agree,,
MonadExcept.noConfusion,verified,verified,agree,,
MonadExcept.noConfusionType,verified,verified,agree,,
MonadExcept.ofExcept,verified,verified,agree,,
MonadExcept.ofExcept.match_1,verified,verified,agree,,
MonadExcept.orElse,verified,verified,agree,,
MonadExcept.recOn,verified,verified,agree,,
MonadExcept.throw,verified,verified,agree,,
MonadExcept.tryCatch,verified,verified,agree,,
MonadExceptOf,verified,verified,agree,,
MonadExceptOf.casesOn,verified,verified,agree,,
MonadExceptOf.ctorIdx,verified,verified,agree,,
MonadExceptOf.mk._flat_ctor,absent,verified,only-one-side,,
MonadExceptOf.mk.noConfusion,verified,verified,agree,,
MonadExceptOf.noConfusion,verified,verified,agree,,
MonadExceptOf.noConfusionType,verified,verified,agree,,
MonadExceptOf.recOn,verified,verified,agree,,
MonadExceptOf.throw,verified,verified,agree,,
MonadExceptOf.tryCatch,verified,verified,agree,,
MonadFunctor,verified,verified,agree,,
MonadFunctor.casesOn,verified,verified,agree,,
MonadFunctor.ctorIdx,verified,verified,agree,,
MonadFunctor.mk._flat_ctor,absent,verified,only-one-side,,
MonadFunctor.mk.noConfusion,verified,verified,agree,,
MonadFunctor.monadMap,verified,verified,agree,,
MonadFunctor.noConfusion,verified,verified,agree,,
MonadFunctor.noConfusionType,verified,verified,agree,,
MonadFunctor.recOn,verified,verified,agree,,
MonadFunctorT,verified,verified,agree,,
MonadFunctorT.casesOn,verified,verified,agree,,
MonadFunctorT.ctorIdx,verified,verified,agree,,
MonadFunctorT.mk._flat_ctor,absent,verified,only-one-side,,
MonadFunctorT.mk.noConfusion,verified,verified,agree,,
MonadFunctorT.monadMap,verified,verified,agree,,
MonadFunctorT.noConfusion,verified,verified,agree,,
MonadFunctorT.noConfusionType,verified,verified,agree,,
MonadFunctorT.recOn,verified,verified,agree,,
MonadLift,verified,verified,agree,,
MonadLift.casesOn,verified,verified,agree,,
MonadLift.ctorIdx,verified,verified,agree,,
MonadLift.mk._flat_ctor,absent,verified,only-one-side,,
MonadLift.mk.noConfusion,verified,verified,agree,,
MonadLift.monadLift,verified,verified,agree,,
MonadLift.noConfusion,verified,verified,agree,,
MonadLift.noConfusionType,verified,verified,agree,,
MonadLift.recOn,verified,verified,agree,,
MonadLiftT,verified,verified,agree,,
MonadLiftT.casesOn,verified,verified,agree,,
MonadLiftT.ctorIdx,verified,verified,agree,,
MonadLiftT.mk._flat_ctor,absent,verified,only-one-side,,
MonadLiftT.mk.noConfusion,verified,verified,agree,,
MonadLiftT.monadLift,verified,verified,agree,,
MonadLiftT.noConfusion,verified,verified,agree,,
MonadLiftT.noConfusionType,verified,verified,agree,,
MonadLiftT.recOn,verified,verified,agree,,
MonadReader,verified,verified,agree,,
MonadReader.casesOn,verified,verified,agree,,
MonadReader.ctorIdx,verified,verified,agree,,
MonadReader.mk._flat_ctor,absent,verified,only-one-side,,
MonadReader.mk.noConfusion,verified,verified,agree,,
MonadReader.noConfusion,verified,verified,agree,,
MonadReader.noConfusionType,verified,verified,agree,,
MonadReader.read,verified,verified,agree,,
MonadReader.recOn,verified,verified,agree,,
MonadReaderOf,verified,verified,agree,,
MonadReaderOf.casesOn,verified,verified,agree,,
MonadReaderOf.ctorIdx,verified,verified,agree,,
MonadReaderOf.mk._flat_ctor,absent,verified,only-one-side,,
MonadReaderOf.mk.noConfusion,verified,verified,agree,,
MonadReaderOf.noConfusion,verified,verified,agree,,
MonadReaderOf.noConfusionType,verified,verified,agree,,
MonadReaderOf.read,verified,verified,agree,,
MonadReaderOf.recOn,verified,verified,agree,,
MonadState,verified,verified,agree,,
MonadState.casesOn,verified,verified,agree,,
MonadState.ctorIdx,verified,verified,agree,,
MonadState.get,verified,verified,agree,,
MonadState.mk._flat_ctor,absent,verified,only-one-side,,
MonadState.mk.noConfusion,verified,verified,agree,,
MonadState.modifyGet,verified,verified,agree,,
MonadState.noConfusion,verified,verified,agree,,
MonadState.noConfusionType,verified,verified,agree,,
MonadState.recOn,verified,verified,agree,,
MonadState.set,verified,verified,agree,,
MonadStateOf,verified,verified,agree,,
MonadStateOf.casesOn,verified,verified,agree,,
MonadStateOf.ctorIdx,verified,verified,agree,,
MonadStateOf.get,verified,verified,agree,,
MonadStateOf.mk._flat_ctor,absent,verified,only-one-side,,
MonadStateOf.mk.noConfusion,verified,verified,agree,,
MonadStateOf.modifyGet,verified,verified,agree,,
MonadStateOf.noConfusion,verified,verified,agree,,
MonadStateOf.noConfusionType,verified,verified,agree,,
MonadStateOf.recOn,verified,verified,agree,,
MonadStateOf.set,verified,verified,agree,,
MonadWithReader,verified,verified,agree,,
MonadWithReader.casesOn,verified,verified,agree,,
MonadWithReader.ctorIdx,verified,verified,agree,,
MonadWithReader.mk._flat_ctor,absent,verified,only-one-side,,
MonadWithReader.mk.noConfusion,verified,verified,agree,,
MonadWithReader.noConfusion,verified,verified,agree,,
MonadWithReader.noConfusionType,verified,verified,agree,,
MonadWithReader.recOn,verified,verified,agree,,
MonadWithReader.withReader,verified,verified,agree,,
MonadWithReaderOf,verified,verified,agree,,
MonadWithReaderOf.casesOn,verified,verified,agree,,
MonadWithReaderOf.ctorIdx,verified,verified,agree,,
MonadWithReaderOf.mk._flat_ctor,absent,verified,only-one-side,,
MonadWithReaderOf.mk.noConfusion,verified,verified,agree,,
MonadWithReaderOf.noConfusion,verified,verified,agree,,
MonadWithReaderOf.noConfusionType,verified,verified,agree,,
MonadWithReaderOf.recOn,verified,verified,agree,,
MonadWithReaderOf.withReader,verified,verified,agree,,
Mul,verified,verified,agree,,
Mul.casesOn,verified,verified,agree,,
Mul.ctorIdx,verified,verified,agree,,
Mul.mk._flat_ctor,absent,verified,only-one-side,,
Mul.mk.noConfusion,verified,verified,agree,,
Mul.mul,verified,verified,agree,,
Mul.noConfusion,verified,verified,agree,,
Mul.noConfusionType,verified,verified,agree,,
Mul.recOn,verified,verified,agree,,
Nat,verified,verified,agree,,
Nat.add,verified,verified,agree,,
Nat.add._f,verified,absent,only-one-side,,
Nat.add._sunfold,absent,verified,only-one-side,,
Nat.add.match_1,verified,verified,agree,,
Nat.add_pos_right,verified,verified,agree,,
Nat.below,verified,verified,agree,,
Nat.beq,verified,verified,agree,,
Nat.beq._f,verified,absent,only-one-side,,
Nat.beq._sunfold,absent,verified,only-one-side,,
Nat.beq.match_1,verified,verified,agree,,
Nat.ble,verified,verified,agree,,
Nat.ble._f,verified,absent,only-one-side,,
Nat.ble._sunfold,absent,verified,only-one-side,,
Nat.ble.match_1,verified,verified,agree,,
Nat.ble_eq_true_of_le,verified,verified,agree,,
Nat.ble_self_eq_true,verified,verified,agree,,
Nat.ble_self_eq_true._f,verified,absent,only-one-side,,
Nat.ble_succ_eq_true,verified,verified,agree,,
Nat.ble_succ_eq_true._f,verified,absent,only-one-side,,
Nat.brecOn,verified,verified,agree,,
Nat.brecOn.eq,verified,verified,agree,,
Nat.brecOn.go,verified,verified,agree,,
Nat.casesOn,verified,verified,agree,,
Nat.ctorElim,verified,verified,agree,,
Nat.ctorElimType,verified,verified,agree,,
Nat.ctorIdx,verified,verified,agree,,
Nat.ctorIdx_succ,verified,verified,agree,,
Nat.ctorIdx_zero,verified,verified,agree,,
Nat.decEq,verified,verified,agree,,
Nat.decEq.match_1,verified,verified,agree,,
Nat.decLe,verified,verified,agree,,
Nat.decLt,verified,verified,agree,,
Nat.div,verified,verified,agree,,
Nat.div.go,verified,verified,agree,,
Nat.div.go._f,verified,absent,only-one-side,,
Nat.div.go._sunfold,absent,verified,only-one-side,,
Nat.div.go.match_1,verified,verified,agree,,
Nat.div_rec_fuel_lemma,verified,verified,agree,,
Nat.div_rec_lemma,verified,verified,agree,,
Nat.eq_of_beq_eq_true,verified,verified,agree,,
Nat.eq_of_beq_eq_true._f,verified,absent,only-one-side,,
Nat.eq_or_lt_of_le,verified,verified,agree,,
Nat.eq_or_lt_of_le._f,verified,absent,only-one-side,,
Nat.eq_or_lt_of_le.match_1,absent,verified,only-one-side,,
Nat.eq_or_lt_of_le.match_3,absent,verified,only-one-side,,
Nat.instDiv,verified,verified,agree,,
Nat.instMod,verified,verified,agree,,
Nat.isValidChar,verified,verified,agree,,
Nat.le,verified,verified,agree,,
Nat.le.below,verified,verified,agree,,
Nat.le.below.casesOn,verified,verified,agree,,
Nat.le.brecOn,verified,verified,agree,,
Nat.le.casesOn,verified,verified,agree,,
Nat.le.recOn,verified,verified,agree,,
Nat.le_antisymm,verified,verified,agree,,
Nat.le_of_ble_eq_true,verified,verified,agree,,
Nat.le_of_ble_eq_true._f,verified,absent,only-one-side,,
Nat.le_of_lt_succ,verified,verified,agree,,
Nat.le_of_succ_le_succ,verified,verified,agree,,
Nat.le_refl,verified,verified,agree,,
Nat.le_succ,verified,verified,agree,,
Nat.le_succ_of_le,verified,verified,agree,,
Nat.le_trans,verified,verified,agree,,
Nat.lt,verified,verified,agree,,
Nat.lt_add_one,verified,verified,agree,,
Nat.lt_irrefl,verified,verified,agree,,
Nat.lt_of_le_of_lt,verified,verified,agree,,
Nat.lt_of_le_of_ne,verified,verified,agree,,
Nat.lt_of_lt_of_le,verified,verified,agree,,
Nat.lt_of_not_le,verified,verified,agree,,
Nat.lt_or_ge,verified,verified,agree,,
Nat.lt_or_ge._f,verified,absent,only-one-side,,
Nat.lt_succ_of_le,verified,verified,agree,,
Nat.lt_succ_self,verified,verified,agree,,
Nat.lt_trans,verified,verified,agree,,
Nat.mod,verified,verified,agree,,
Nat.mod.match_1,verified,verified,agree,,
Nat.modCore,verified,verified,agree,,
Nat.modCore.go,verified,verified,agree,,
Nat.modCore.go._f,verified,absent,only-one-side,,
Nat.modCore.go._sunfold,absent,verified,only-one-side,,
Nat.modCoreGo_lt,verified,verified,agree,,
Nat.modCore_lt,verified,verified,agree,,
Nat.mod_lt,verified,verified,agree,,
Nat.mul,verified,verified,agree,,
Nat.mul._f,verified,absent,only-one-side,,
Nat.mul._sunfold,absent,verified,only-one-side,,
Nat.mul.match_1,verified,verified,agree,,
Nat.mul_pos,verified,verified,agree,,
Nat.ne_of_beq_eq_false,verified,verified,agree,,
Nat.ne_of_beq_eq_false._f,verified,absent,only-one-side,,
Nat.noConfusion,verified,verified,agree,,
Nat.noConfusionType,verified,verified,agree,,
Nat.not_le_of_not_ble_eq_true,verified,verified,agree,,
Nat.not_lt_zero,verified,verified,agree,,
Nat.not_succ_le_self,verified,verified,agree,,
Nat.not_succ_le_self._f,verified,absent,only-one-side,,
Nat.not_succ_le_zero,verified,verified,agree,,
Nat.pow,verified,verified,agree,,
Nat.pow._f,verified,absent,only-one-side,,
Nat.pow._sunfold,absent,verified,only-one-side,,
Nat.pow.match_1,verified,verified,agree,,
Nat.pow_pos,verified,verified,agree,,
Nat.pow_pos._f,verified,absent,only-one-side,,
Nat.pred,verified,verified,agree,,
Nat.pred_le,verified,verified,agree,,
Nat.pred_le_pred,verified,verified,agree,,
Nat.recOn,verified,verified,agree,,
Nat.sub,verified,verified,agree,,
Nat.sub._f,verified,absent,only-one-side,,
Nat.sub._sunfold,absent,verified,only-one-side,,
Nat.sub_le,verified,verified,agree,,
Nat.sub_lt,verified,verified,agree,,
Nat.succ.elim,verified,verified,agree,,
Nat.succ.noConfusion,verified,verified,agree,,
Nat.succ_le_succ,verified,verified,agree,,
Nat.succ_pos,verified,verified,agree,,
Nat.succ_sub_succ_eq_sub,verified,verified,agree,,
Nat.zero.elim,verified,verified,agree,,
Nat.zero_le,verified,verified,agree,,
Nat.zero_le._f,verified,absent,only-one-side,,
Nat.zero_lt_succ,verified,verified,agree,,
NatPow,verified,verified,agree,,
NatPow.casesOn,verified,verified,agree,,
NatPow.ctorIdx,verified,verified,agree,,
NatPow.mk._flat_ctor,absent,verified,only-one-side,,
NatPow.mk.noConfusion,verified,verified,agree,,
NatPow.noConfusion,verified,verified,agree,,
NatPow.noConfusionType,verified,verified,agree,,
NatPow.pow,verified,verified,agree,,
NatPow.recOn,verified,verified,agree,,
Neg,verified,verified,agree,,
Neg.casesOn,verified,verified,agree,,
Neg.ctorIdx,verified,verified,agree,,
Neg.mk._flat_ctor,absent,verified,only-one-side,,
Neg.mk.noConfusion,verified,verified,agree,,
Neg.neg,verified,verified,agree,,
Neg.noConfusion,verified,verified,agree,,
Neg.noConfusionType,verified,verified,agree,,
Neg.recOn,verified,verified,agree,,
Nonempty,verified,verified,agree,,
Nonempty.casesOn,verified,verified,agree,,
Nonempty.elim,verified,verified,agree,,
Nonempty.recOn,verified,verified,agree,,
NonemptyType,verified,verified,agree,,
NonemptyType.type,verified,verified,agree,,
Not,verified,verified,agree,,
OfNat,verified,verified,agree,,
OfNat.casesOn,verified,verified,agree,,
OfNat.ctorIdx,verified,verified,agree,,
OfNat.mk._flat_ctor,absent,verified,only-one-side,,
OfNat.mk.noConfusion,verified,verified,agree,,
OfNat.noConfusion,verified,verified,agree,,
OfNat.noConfusionType,verified,verified,agree,,
OfNat.ofNat,verified,verified,agree,,
OfNat.recOn,verified,verified,agree,,
One,verified,verified,agree,,
One.casesOn,verified,verified,agree,,
One.ctorIdx,verified,verified,agree,,
One.mk._flat_ctor,absent,verified,only-one-side,,
One.mk.noConfusion,verified,verified,agree,,
One.noConfusion,verified,verified,agree,,
One.noConfusionType,verified,verified,agree,,
One.one,verified,verified,agree,,
One.recOn,verified,verified,agree,,
Option,verified,verified,agree,,
Option.casesOn,verified,verified,agree,,
Option.ctorElim,verified,verified,agree,,
Option.ctorElimType,verified,verified,agree,,
Option.ctorIdx,verified,verified,agree,,
Option.getD,verified,verified,agree,,
Option.getD.match_1,verified,verified,agree,,
Option.map,verified,verified,agree,,
Option.noConfusion,verified,verified,agree,,
Option.noConfusionType,verified,verified,agree,,
Option.none.elim,verified,verified,agree,,
Option.recOn,verified,verified,agree,,
Option.some.elim,verified,verified,agree,,
Option.some.noConfusion,verified,verified,agree,,
Or,verified,verified,agree,,
Or.casesOn,verified,verified,agree,,
Or.elim,verified,verified,agree,,
Or.intro_left,verified,verified,agree,,
Or.intro_right,verified,verified,agree,,
Or.neg_resolve_left,verified,verified,agree,,
Or.neg_resolve_right,verified,verified,agree,,
Or.recOn,verified,verified,agree,,
Or.resolve_left,verified,verified,agree,,
Or.resolve_right,verified,verified,agree,,
OrElse,verified,verified,agree,,
OrElse.casesOn,verified,verified,agree,,
OrElse.ctorIdx,verified,verified,agree,,
OrElse.mk._flat_ctor,absent,verified,only-one-side,,
OrElse.mk.noConfusion,verified,verified,agree,,
OrElse.noConfusion,verified,verified,agree,,
OrElse.noConfusionType,verified,verified,agree,,
OrElse.orElse,verified,verified,agree,,
OrElse.recOn,verified,verified,agree,,
OrOp,verified,verified,agree,,
OrOp.casesOn,verified,verified,agree,,
OrOp.ctorIdx,verified,verified,agree,,
OrOp.mk._flat_ctor,absent,verified,only-one-side,,
OrOp.mk.noConfusion,verified,verified,agree,,
OrOp.noConfusion,verified,verified,agree,,
OrOp.noConfusionType,verified,verified,agree,,
OrOp.or,verified,verified,agree,,
OrOp.recOn,verified,verified,agree,,
PEmpty,verified,verified,agree,,
PEmpty.casesOn,verified,verified,agree,,
PEmpty.noConfusion,verified,absent,only-one-side,,
PEmpty.noConfusionType,verified,absent,only-one-side,,
PEmpty.recOn,verified,verified,agree,,
PLift,verified,verified,agree,,
PLift.casesOn,verified,verified,agree,,
PLift.down,verified,verified,agree,,
PLift.down_up,verified,verified,agree,,
PLift.noConfusion,verified,verified,agree,,
PLift.noConfusionType,verified,verified,agree,,
PLift.recOn,verified,verified,agree,,
PLift.up._flat_ctor,absent,verified,only-one-side,,
PLift.up.noConfusion,verified,verified,agree,,
PLift.up_down,verified,verified,agree,,
PProd,verified,verified,agree,,
PProd.casesOn,verified,verified,agree,,
PProd.fst,verified,verified,agree,,
PProd.mk._flat_ctor,absent,verified,only-one-side,,
PProd.mk.noConfusion,verified,verified,agree,,
PProd.noConfusion,verified,verified,agree,,
PProd.noConfusionType,verified,verified,agree,,
PProd.recOn,verified,verified,agree,,
PProd.snd,verified,verified,agree,,
PULift,verified,verified,agree,,
PULift.casesOn,verified,verified,agree,,
PULift.down,verified,verified,agree,,
PULift.down_up,verified,verified,agree,,
PULift.noConfusion,verified,verified,agree,,
PULift.noConfusionType,verified,verified,agree,,
PULift.recOn,verified,verified,agree,,
PULift.up._flat_ctor,absent,verified,only-one-side,,
PULift.up.noConfusion,verified,verified,agree,,
PULift.up_down,verified,verified,agree,,
PUnit,verified,verified,agree,,
PUnit.casesOn,verified,verified,agree,,
PUnit.recOn,verified,verified,agree,,
Pi.instInhabited,verified,verified,agree,,
Pi.instNonempty,verified,verified,agree,,
Pow,verified,verified,agree,,
Pow.casesOn,verified,verified,agree,,
Pow.ctorIdx,verified,verified,agree,,
Pow.mk._flat_ctor,absent,verified,only-one-side,,
Pow.mk.noConfusion,verified,verified,agree,,
Pow.noConfusion,verified,verified,agree,,
Pow.noConfusionType,verified,verified,agree,,
Pow.pow,verified,verified,agree,,
Pow.recOn,verified,verified,agree,,
Prod,verified,verified,agree,,
Prod.casesOn,verified,verified,agree,,
Prod.fst,verified,verified,agree,,
Prod.mk._flat_ctor,absent,verified,only-one-side,,
Prod.mk.noConfusion,verified,verified,agree,,
Prod.noConfusion,verified,verified,agree,,
Prod.noConfusionType,verified,verified,agree,,
Prod.recOn,verified,verified,agree,,
Prod.snd,verified,verified,agree,,
Pure,verified,verified,agree,,
Pure.casesOn,verified,verified,agree,,
Pure.ctorIdx,verified,verified,agree,,
Pure.mk._flat_ctor,absent,verified,only-one-side,,
Pure.mk.noConfusion,verified,verified,agree,,
Pure.noConfusion,verified,verified,agree,,
Pure.noConfusionType,verified,verified,agree,,
Pure.pure,verified,verified,agree,,
Pure.recOn,verified,verified,agree,,
Quot,verified,absent,only-one-side,,
Quot.ind,verified,absent,only-one-side,,
Quot.lift,verified,absent,only-one-side,,
Quot.mk,verified,absent,only-one-side,,
ReaderT,verified,verified,agree,,
ReaderT.adapt,verified,verified,agree,,
ReaderT.bind,verified,verified,agree,,
ReaderT.instApplicativeOfMonad,verified,verified,agree,,
ReaderT.instFunctorOfMonad,verified,verified,agree,,
ReaderT.instMonad,verified,verified,agree,,
ReaderT.instMonadExceptOf,verified,verified,agree,,
ReaderT.instMonadFunctor,verified,verified,agree,,
ReaderT.instMonadLift,verified,verified,agree,,
ReaderT.mk,verified,verified,agree,,
ReaderT.pure,verified,verified,agree,,
ReaderT.read,verified,verified,agree,,
ReaderT.run,verified,verified,agree,,
SMul,verified,verified,agree,,
SMul.casesOn,verified,verified,agree,,
SMul.ctorIdx,verified,verified,agree,,
SMul.mk._flat_ctor,absent,verified,only-one-side,,
SMul.mk.noConfusion,verified,verified,agree,,
SMul.noConfusion,verified,verified,agree,,
SMul.noConfusionType,verified,verified,agree,,
SMul.recOn,verified,verified,agree,,
SMul.smul,verified,verified,agree,,
Seq,verified,verified,agree,,
Seq.casesOn,verified,verified,agree,,
Seq.ctorIdx,verified,verified,agree,,
Seq.mk._flat_ctor,absent,verified,only-one-side,,
Seq.mk.noConfusion,verified,verified,agree,,
Seq.noConfusion,verified,verified,agree,,
Seq.noConfusionType,verified,verified,agree,,
Seq.recOn,verified,verified,agree,,
Seq.seq,verified,verified,agree,,
SeqLeft,verified,verified,agree,,
SeqLeft.casesOn,verified,verified,agree,,
SeqLeft.ctorIdx,verified,verified,agree,,
SeqLeft.mk._flat_ctor,absent,verified,only-one-side,,
SeqLeft.mk.noConfusion,verified,verified,agree,,
SeqLeft.noConfusion,verified,verified,agree,,
SeqLeft.noConfusionType,verified,verified,agree,,
SeqLeft.recOn,verified,verified,agree,,
SeqLeft.seqLeft,verified,verified,agree,,
SeqRight,verified,verified,agree,,
SeqRight.casesOn,verified,verified,agree,,
SeqRight.ctorIdx,verified,verified,agree,,
SeqRight.mk._flat_ctor,absent,verified,only-one-side,,
SeqRight.mk.noConfusion,verified,verified,agree,,
SeqRight.noConfusion,verified,verified,agree,,
SeqRight.noConfusionType,verified,verified,agree,,
SeqRight.recOn,verified,verified,agree,,
SeqRight.seqRight,verified,verified,agree,,
ShiftLeft,verified,verified,agree,,
ShiftLeft.casesOn,verified,verified,agree,,
ShiftLeft.ctorIdx,verified,verified,agree,,
ShiftLeft.mk._flat_ctor,absent,verified,only-one-side,,
ShiftLeft.mk.noConfusion,verified,verified,agree,,
ShiftLeft.noConfusion,verified,verified,agree,,
ShiftLeft.noConfusionType,verified,verified,agree,,
ShiftLeft.recOn,verified,verified,agree,,
ShiftLeft.shiftLeft,verified,verified,agree,,
ShiftRight,verified,verified,agree,,
ShiftRight.casesOn,verified,verified,agree,,
ShiftRight.ctorIdx,verified,verified,agree,,
ShiftRight.mk._flat_ctor,absent,verified,only-one-side,,
ShiftRight.mk.noConfusion,verified,verified,agree,,
ShiftRight.noConfusion,verified,verified,agree,,
ShiftRight.noConfusionType,verified,verified,agree,,
ShiftRight.recOn,verified,verified,agree,,
ShiftRight.shiftRight,verified,verified,agree,,
String,verified,verified,agree,,
String.Pos.Raw,verified,verified,agree,,
String.Pos.Raw.byteIdx,verified,verified,agree,,
String.Pos.Raw.byteIdx._default,absent,verified,only-one-side,,
String.Pos.Raw.casesOn,verified,verified,agree,,
String.Pos.Raw.ctorIdx,verified,verified,agree,,
String.Pos.Raw.mk._flat_ctor,absent,verified,only-one-side,,
String.Pos.Raw.mk.noConfusion,verified,verified,agree,,
String.Pos.Raw.noConfusion,verified,verified,agree,,
String.Pos.Raw.noConfusionType,verified,verified,agree,,
String.Pos.Raw.recOn,verified,verified,agree,,
String.casesOn,verified,verified,agree,,
String.ctorIdx,verified,verified,agree,,
String.decEq,verified,verified,agree,,
String.decEq._proof_1,verified,verified,agree,,
String.decEq._proof_2,verified,verified,agree,,
String.decEq.match_1,verified,verified,agree,,
String.decEq.match_3,verified,verified,agree,,
String.hash,verified,verified,agree,,
String.isValidUTF8,verified,verified,agree,,
String.noConfusion,verified,verified,agree,,
String.noConfusionType,verified,verified,agree,,
String.ofByteArray._flat_ctor,absent,verified,only-one-side,,
String.ofByteArray.noConfusion,verified,verified,agree,,
String.ofList,verified,verified,agree,,
String.ofList._proof_1,verified,verified,agree,,
String.rawEndPos,verified,verified,agree,,
String.recOn,verified,verified,agree,,
String.toByteArray,verified,verified,agree,,
String.toRawSubstring,verified,verified,agree,,
String.toRawSubstring',verified,verified,agree,,
String.utf8ByteSize,verified,verified,agree,,
String.utf8EncodeChar,verified,verified,agree,,
Sub,verified,verified,agree,,
Sub.casesOn,verified,verified,agree,,
Sub.ctorIdx,verified,verified,agree,,
Sub.mk._flat_ctor,absent,verified,only-one-side,,
Sub.mk.noConfusion,verified,verified,agree,,
Sub.noConfusion,verified,verified,agree,,
Sub.noConfusionType,verified,verified,agree,,
Sub.recOn,verified,verified,agree,,
Sub.sub,verified,verified,agree,,
Substring.Raw,verified,verified,agree,,
Substring.Raw.bsize,verified,verified,agree,,
Substring.Raw.bsize.match_1,verified,verified,agree,,
Substring.Raw.casesOn,verified,verified,agree,,
Substring.Raw.ctorIdx,verified,verified,agree,,
Substring.Raw.mk._flat_ctor,absent,verified,only-one-side,,
Substring.Raw.mk.noConfusion,verified,verified,agree,,
Substring.Raw.noConfusion,verified,verified,agree,,
Substring.Raw.noConfusionType,verified,verified,agree,,
Substring.Raw.recOn,verified,verified,agree,,
Substring.Raw.startPos,verified,verified,agree,,
Substring.Raw.stopPos,verified,verified,agree,,
Substring.Raw.str,verified,verified,agree,,
Subtype,verified,verified,agree,,
Subtype.casesOn,verified,verified,agree,,
Subtype.mk._flat_ctor,absent,verified,only-one-side,,
Subtype.mk.noConfusion,verified,verified,agree,,
Subtype.noConfusion,verified,verified,agree,,
Subtype.noConfusionType,verified,verified,agree,,
Subtype.property,verified,verified,agree,,
Subtype.recOn,verified,verified,agree,,
Subtype.val,verified,verified,agree,,
System.Platform.getNumBits,verified,verified,agree,,
System.Platform.numBits,verified,verified,agree,,
System.Platform.numBits_eq,verified,verified,agree,,
Trans,verified,verified,agree,,
Trans.casesOn,verified,verified,agree,,
Trans.ctorIdx,verified,verified,agree,,
Trans.mk._flat_ctor,absent,verified,only-one-side,,
Trans.mk.noConfusion,verified,verified,agree,,
Trans.noConfusion,verified,verified,agree,,
Trans.noConfusionType,verified,verified,agree,,
Trans.recOn,verified,verified,agree,,
Trans.trans,verified,verified,agree,,
True,verified,verified,agree,,
True.casesOn,verified,verified,agree,,
True.recOn,verified,verified,agree,,
UInt16,verified,verified,agree,,
UInt16.casesOn,verified,verified,agree,,
UInt16.ctorIdx,verified,verified,agree,,
UInt16.decEq,verified,verified,agree,,
UInt16.decEq._proof_1,verified,verified,agree,,
UInt16.decEq._proof_2,verified,verified,agree,,
UInt16.decEq.match_1,verified,verified,agree,,
UInt16.noConfusion,verified,verified,agree,,
UInt16.noConfusionType,verified,verified,agree,,
UInt16.ofBitVec._flat_ctor,absent,verified,only-one-side,,
UInt16.ofBitVec.noConfusion,verified,verified,agree,,
UInt16.ofNatLT,verified,verified,agree,,
UInt16.recOn,verified,verified,agree,,
UInt16.size,verified,verified,agree,,
UInt16.toBitVec,verified,verified,agree,,
UInt32,verified,verified,agree,,
UInt32.casesOn,verified,verified,agree,,
UInt32.ctorIdx,verified,verified,agree,,
UInt32.decEq,verified,verified,agree,,
UInt32.decEq._proof_1,verified,verified,agree,,
UInt32.decEq._proof_2,verified,verified,agree,,
UInt32.decEq.match_1,verified,verified,agree,,
UInt32.decLe,verified,verified,agree,,
UInt32.decLe._proof_1,absent,verified,only-one-side,,
UInt32.decLe._proof_2,absent,verified,only-one-side,,
UInt32.decLt,verified,verified,agree,,
UInt32.decLt._aux_1,absent,verified,only-one-side,,
UInt32.isValidChar,verified,verified,agree,,
UInt32.noConfusion,verified,verified,agree,,
UInt32.noConfusionType,verified,verified,agree,,
UInt32.ofBitVec._flat_ctor,absent,verified,only-one-side,,
UInt32.ofBitVec.noConfusion,verified,verified,agree,,
UInt32.ofNatLT,verified,verified,agree,,
UInt32.recOn,verified,verified,agree,,
UInt32.size,verified,verified,agree,,
UInt32.toBitVec,verified,verified,agree,,
UInt32.toNat,verified,verified,agree,,
UInt64,verified,verified,agree,,
UInt64.casesOn,verified,verified,agree,,
UInt64.ctorIdx,verified,verified,agree,,
UInt64.decEq,verified,verified,agree,,
UInt64.decEq._proof_1,verified,verified,agree,,
UInt64.decEq._proof_2,verified,verified,agree,,
UInt64.decEq.match_1,verified,verified,agree,,
UInt64.noConfusion,verified,verified,agree,,
UInt64.noConfusionType,verified,verified,agree,,
UInt64.ofBitVec._flat_ctor,absent,verified,only-one-side,,
UInt64.ofBitVec.noConfusion,verified,verified,agree,,
UInt64.ofNatLT,verified,verified,agree,,
UInt64.recOn,verified,verified,agree,,
UInt64.size,verified,verified,agree,,
UInt64.toBitVec,verified,verified,agree,,
UInt8,verified,verified,agree,,
UInt8.casesOn,verified,verified,agree,,
UInt8.ctorIdx,verified,verified,agree,,
UInt8.decEq,verified,verified,agree,,
UInt8.decEq._proof_1,verified,verified,agree,,
UInt8.decEq._proof_2,verified,verified,agree,,
UInt8.decEq.match_1,verified,verified,agree,,
UInt8.decLe,verified,verified,agree,,
UInt8.decLe._aux_1,verified,verified,agree,,
UInt8.decLt,verified,verified,agree,,
UInt8.decLt._aux_1,verified,verified,agree,,
UInt8.le,verified,verified,agree,,
UInt8.lt,verified,verified,agree,,
UInt8.noConfusion,verified,verified,agree,,
UInt8.noConfusionType,verified,verified,agree,,
UInt8.ofBitVec._flat_ctor,absent,verified,only-one-side,,
UInt8.ofBitVec.noConfusion,verified,verified,agree,,
UInt8.ofNat,verified,verified,agree,,
UInt8.ofNatLT,verified,verified,agree,,
UInt8.recOn,verified,verified,agree,,
UInt8.size,verified,verified,agree,,
UInt8.toBitVec,verified,verified,agree,,
ULift,verified,verified,agree,,
ULift.casesOn,verified,verified,agree,,
ULift.down,verified,verified,agree,,
ULift.down_up,verified,verified,agree,,
ULift.noConfusion,verified,verified,agree,,
ULift.noConfusionType,verified,verified,agree,,
ULift.recOn,verified,verified,agree,,
ULift.up._flat_ctor,absent,verified,only-one-side,,
ULift.up.noConfusion,verified,verified,agree,,
ULift.up_down,verified,verified,agree,,
USize,verified,verified,agree,,
USize.casesOn,verified,verified,agree,,
USize.ctorIdx,verified,verified,agree,,
USize.decEq,verified,verified,agree,,
USize.decEq._proof_1,verified,verified,agree,,
USize.decEq._proof_2,verified,verified,agree,,
USize.decEq.match_1,verified,verified,agree,,
USize.noConfusion,verified,verified,agree,,
USize.noConfusionType,verified,verified,agree,,
USize.ofBitVec._flat_ctor,absent,verified,only-one-side,,
USize.ofBitVec.noConfusion,verified,verified,agree,,
USize.ofNatLT,verified,verified,agree,,
USize.recOn,verified,verified,agree,,
USize.size,verified,verified,agree,,
USize.size_eq,verified,verified,agree,,
USize.size_pos,verified,verified,agree,,
USize.toBitVec,verified,verified,agree,,
Unit,verified,verified,agree,,
Unit.unit,verified,verified,agree,,
XorOp,verified,verified,agree,,
XorOp.casesOn,verified,verified,agree,,
XorOp.ctorIdx,verified,verified,agree,,
XorOp.mk._flat_ctor,absent,verified,only-one-side,,
XorOp.mk.noConfusion,verified,verified,agree,,
XorOp.noConfusion,verified,verified,agree,,
XorOp.noConfusionType,verified,verified,agree,,
XorOp.recOn,verified,verified,agree,,
XorOp.xor,verified,verified,agree,,
Zero,verified,verified,agree,,
Zero.casesOn,verified,verified,agree,,
Zero.ctorIdx,verified,verified,agree,,
Zero.mk._flat_ctor,absent,verified,only-one-side,,
Zero.mk.noConfusion,verified,verified,agree,,
Zero.noConfusion,verified,verified,agree,,
Zero.noConfusionType,verified,verified,agree,,
Zero.recOn,verified,verified,agree,,
Zero.zero,verified,verified,agree,,
_private.Init.Prelude.0.Char.ext.match_1_1,verified,verified,agree,,
_private.Init.Prelude.0.Char.val_eq_of_eq.match_1_1,verified,verified,agree,,
_private.Init.Prelude.0.Fin.eq_of_val_eq.match_1_1,verified,verified,agree,,
_private.Init.Prelude.0.Lean.Macro.State.expandedMacroDecls,verified,verified,agree,,
_private.Init.Prelude.0.Lean.Macro.State.expandedMacroDecls._default,absent,verified,only-one-side,,
_private.Init.Prelude.0.Lean.Macro.State.mk._flat_ctor,absent,verified,only-one-side,,
_private.Init.Prelude.0.Lean.Macro.State.mk.noConfusion,absent,verified,only-one-side,,
_private.Init.Prelude.0.Lean.MacroScopesView.review.match_1,verified,verified,agree,,
_private.Init.Prelude.0.Lean.Name.beq.match_1,verified,verified,agree,,
_private.Init.Prelude.0.Lean.Name.hash._proof_1,absent,verified,only-one-side,,
_private.Init.Prelude.0.Lean.Name.hash._proof_2,absent,verified,only-one-side,,
_private.Init.Prelude.0.Lean.Name.hash.match_1,verified,verified,agree,,
_private.Init.Prelude.0.Lean.SourceInfo.fromRef.match_1,verified,verified,agree,,
_private.Init.Prelude.0.Lean.SourceInfo.getPos?.match_1,verified,verified,agree,,
_private.Init.Prelude.0.Lean.SourceInfo.getTrailing?.match_1,verified,verified,agree,,
_private.Init.Prelude.0.Lean.SourceInfo.getTrailingTailPos?.match_1,verified,verified,agree,,
_private.Init.Prelude.0.Lean.Syntax.getHeadInfo?.loop,absent,verified,only-one-side,,
_private.Init.Prelude.0.Lean.Syntax.getHeadInfo?.loop.match_1,verified,verified,agree,,
_private.Init.Prelude.0.Lean.Syntax.getHeadInfo?.match_1,absent,verified,only-one-side,,
_private.Init.Prelude.0.Lean.Syntax.getInfo?.match_1,unsupported,verified,unsupported-skipped,dependency on an unsupported declaration,
_private.Init.Prelude.0.Lean.Syntax.getKind.match_1,unsupported,verified,unsupported-skipped,dependency on an unsupported declaration,
_private.Init.Prelude.0.Lean.Syntax.getTailPos?.loop,absent,verified,only-one-side,,
_private.Init.Prelude.0.Lean.Syntax.getTailPos?.loop.match_1,absent,verified,only-one-side,,
_private.Init.Prelude.0.Lean.Syntax.getTailPos?.match_1,absent,verified,only-one-side,,
_private.Init.Prelude.0.Lean.Syntax.isIdent.match_1,unsupported,verified,unsupported-skipped,dependency on an unsupported declaration,
_private.Init.Prelude.0.Lean.Syntax.isMissing.match_1,unsupported,verified,unsupported-skipped,dependency on an unsupported declaration,
_private.Init.Prelude.0.Lean.Syntax.matchesLit.match_1,unsupported,verified,unsupported-skipped,dependency on an unsupported declaration,
_private.Init.Prelude.0.Lean.Syntax.setKind.match_1,unsupported,verified,unsupported-skipped,dependency on an unsupported declaration,
_private.Init.Prelude.0.Lean.assembleParts,verified,verified,agree,,
_private.Init.Prelude.0.Lean.assembleParts._f,verified,absent,only-one-side,,
_private.Init.Prelude.0.Lean.assembleParts._sunfold,absent,verified,only-one-side,,
_private.Init.Prelude.0.Lean.assembleParts.match_1,verified,verified,agree,,
_private.Init.Prelude.0.Lean.eraseMacroScopesAux,verified,verified,agree,,
_private.Init.Prelude.0.Lean.eraseMacroScopesAux._f,verified,absent,only-one-side,,
_private.Init.Prelude.0.Lean.eraseMacroScopesAux._sunfold,absent,verified,only-one-side,,
_private.Init.Prelude.0.Lean.eraseMacroScopesAux.match_1,verified,verified,agree,,
_private.Init.Prelude.0.Lean.extractImported,verified,verified,agree,,
_private.Init.Prelude.0.Lean.extractImported._f,verified,absent,only-one-side,,
_private.Init.Prelude.0.Lean.extractImported._sunfold,absent,verified,only-one-side,,
_private.Init.Prelude.0.Lean.extractImported.match_1,verified,verified,agree,,
_private.Init.Prelude.0.Lean.extractMacroScopesAux,verified,verified,agree,,
_private.Init.Prelude.0.Lean.extractMacroScopesAux._f,verified,absent,only-one-side,,
_private.Init.Prelude.0.Lean.extractMacroScopesAux._sunfold,absent,verified,only-one-side,,
_private.Init.Prelude.0.Lean.extractMacroScopesAux.match_1,verified,verified,agree,,
_private.Init.Prelude.0.Lean.extractMainModule,verified,verified,agree,,
_private.Init.Prelude.0.Lean.extractMainModule._f,verified,absent,only-one-side,,
_private.Init.Prelude.0.Lean.extractMainModule._sunfold,absent,verified,only-one-side,,
_private.Init.Prelude.0.Lean.replaceRef.match_1,verified,verified,agree,,
_private.Init.Prelude.0.Lean.simpMacroScopesAux,verified,verified,agree,,
_private.Init.Prelude.0.Lean.simpMacroScopesAux._f,verified,absent,only-one-side,,
_private.Init.Prelude.0.Lean.simpMacroScopesAux._sunfold,absent,verified,only-one-side,,
_private.Init.Prelude.0.Lean.simpMacroScopesAux.match_1,verified,verified,agree,,
_private.Init.Prelude.0.Lean.withRef?.match_1,unsupported,verified,unsupported-skipped,dependency on an unsupported declaration,
_private.Init.Prelude.0.Nat.add_pos_right.match_1_1,verified,verified,agree,,
_private.Init.Prelude.0.Nat.ble_eq_true_of_le.match_1_1,absent,verified,only-one-side,,
_private.Init.Prelude.0.Nat.ble_eq_true_of_le.match_1_4,absent,verified,only-one-side,,
_private.Init.Prelude.0.Nat.ble_eq_true_of_le.match_1_7,verified,absent,only-one-side,,
_private.Init.Prelude.0.Nat.ble_self_eq_true.match_1_1,verified,verified,agree,,
_private.Init.Prelude.0.Nat.ble_succ_eq_true.match_1_1,verified,verified,agree,,
_private.Init.Prelude.0.Nat.div_rec_lemma.match_1_1,verified,verified,agree,,
_private.Init.Prelude.0.Nat.eq_of_beq_eq_true.match_1_1,verified,verified,agree,,
_private.Init.Prelude.0.Nat.eq_or_lt_of_le.match_1_1,verified,absent,only-one-side,,
_private.Init.Prelude.0.Nat.eq_or_lt_of_le.match_1_3,verified,absent,only-one-side,,
_private.Init.Prelude.0.Nat.le_antisymm.match_1_1,verified,verified,agree,,
_private.Init.Prelude.0.Nat.le_of_ble_eq_true.match_1_1,verified,verified,agree,,
_private.Init.Prelude.0.Nat.le_trans.match_1_1,absent,verified,only-one-side,,
_private.Init.Prelude.0.Nat.le_trans.match_1_10,verified,absent,only-one-side,,
_private.Init.Prelude.0.Nat.le_trans.match_1_6,absent,verified,only-one-side,,
_private.Init.Prelude.0.Nat.lt_of_le_of_ne.match_1_1,verified,verified,agree,,
_private.Init.Prelude.0.Nat.lt_or_ge.match_1_1,verified,verified,agree,,
_private.Init.Prelude.0.Nat.lt_or_ge.match_1_3,verified,verified,agree,,
_private.Init.Prelude.0.Nat.lt_or_ge.match_1_5,verified,verified,agree,,
_private.Init.Prelude.0.Nat.modCoreGo_lt.match_1_1,verified,verified,agree,,
_private.Init.Prelude.0.Nat.modCore_lt.match_1_1,verified,verified,agree,,
_private.Init.Prelude.0.Nat.mod_lt.match_1_1,verified,verified,agree,,
_private.Init.Prelude.0.Nat.mod_lt.match_1_3,verified,verified,agree,,
_private.Init.Prelude.0.Nat.mul_pos.match_1_1,verified,verified,agree,,
_private.Init.Prelude.0.Nat.ne_of_beq_eq_false.match_1_1,verified,verified,agree,,
_private.Init.Prelude.0.Nat.not_succ_le_self.match_1_1,verified,verified,agree,,
_private.Init.Prelude.0.Nat.pow_pos.match_1_1,verified,verified,agree,,
_private.Init.Prelude.0.Nat.pred_le.match_1_1,verified,verified,agree,,
_private.Init.Prelude.0.Nat.pred_le_pred.match_1_1,verified,verified,agree,,
_private.Init.Prelude.0.Nat.sub_lt.match_1_1,verified,verified,agree,,
_private.Init.Prelude.0.Nat.succ_le_succ.match_1_1,absent,verified,only-one-side,,
_private.Init.Prelude.0.Nat.succ_le_succ.match_1_4,absent,verified,only-one-side,,
_private.Init.Prelude.0.Nat.succ_le_succ.match_1_7,verified,absent,only-one-side,,
_private.Init.Prelude.0.Nat.zero_le.match_1_1,verified,verified,agree,,
_private.Init.Prelude.0.Nonempty.elim.match_1_1,verified,verified,agree,,
_private.Init.Prelude.0.Or.elim.match_1_1,verified,verified,agree,,
_private.Init.Prelude.0.System.Platform.getNumBits._proof_1,verified,verified,agree,,
_private.Init.Prelude.0.USize.size_eq.match_1_1,verified,verified,agree,,
_private.Init.Prelude.0.USize.size_pos.match_1_1,verified,verified,agree,,
_private.Init.Prelude.0.decide_eq_false.match_1_1,verified,verified,agree,,
_private.Init.Prelude.0.decide_eq_true.match_1_1,verified,verified,agree,,
_private.Init.Prelude.0.eq_false_of_ne_true.match_1_1,verified,verified,agree,,
_private.Init.Prelude.0.eq_true_of_ne_false.match_1_1,verified,verified,agree,,
_private.Init.Prelude.0.instNonemptyOfMonad.match_1,verified,verified,agree,,
_private.Init.Prelude.0.isValidChar_UInt32,verified,verified,agree,,
_private.Init.Prelude.0.isValidChar_UInt32.match_1_1,verified,verified,agree,,
_private.Init.Prelude.0.ne_false_of_eq_true.match_1_1,verified,verified,agree,,
_private.Init.Prelude.0.ne_true_of_eq_false.match_1_1,verified,verified,agree,,
_private.Init.Prelude.0.noConfusion_of_Nat.aux,verified,verified,agree,,
_private.Init.Prelude.0.noConfusion_of_Nat.aux._f,verified,absent,only-one-side,,
_private.Init.Prelude.0.noConfusion_of_Nat.aux.match_1_1,verified,verified,agree,,
_private.Init.Prelude.0.of_decide_eq_false.match_1_1,verified,verified,agree,,
_private.Init.Prelude.0.of_decide_eq_self_eq_true.match_1_1,verified,verified,agree,,
_private.Init.Prelude.0.of_decide_eq_true.match_1_1,verified,verified,agree,,
absurd,verified,verified,agree,,
cast,verified,verified,agree,,
cond,verified,verified,agree,,
cond.match_1,verified,verified,agree,,
congr,verified,verified,agree,,
congrArg,verified,verified,agree,,
congrFun,verified,verified,agree,,
congrFun',verified,verified,agree,,
decEq,verified,verified,agree,,
decide_eq_false,verified,verified,agree,,
decide_eq_true,verified,verified,agree,,
dite,verified,verified,agree,,
eq_false_of_ne_true,verified,verified,agree,,
eq_of_heq,verified,verified,agree,,
eq_true_of_ne_false,verified,verified,agree,,
getModify,verified,verified,agree,,
getThe,verified,verified,agree,,
heq_of_eq,verified,verified,agree,,
id,verified,verified,agree,,
id_eq,verified,verified,agree,,
inferInstance,verified,verified,agree,,
inferInstanceAs,verified,verified,agree,,
instAddNat,verified,verified,agree,,
instBEqOfDecidableEq,verified,verified,agree,,
instDecidableAnd,verified,verified,agree,,
instDecidableAnd._proof_1,verified,verified,agree,,
instDecidableAnd._proof_2,verified,verified,agree,,
instDecidableAnd.match_1,verified,verified,agree,,
instDecidableEqBitVec,verified,verified,agree,,
instDecidableEqBool,verified,verified,agree,,
instDecidableEqChar,verified,verified,agree,,
instDecidableEqChar.match_1,verified,verified,agree,,
instDecidableEqFin,verified,verified,agree,,
instDecidableEqFin._proof_1,verified,verified,agree,,
instDecidableEqFin.match_1,verified,verified,agree,,
instDecidableEqList,verified,verified,agree,,
instDecidableEqList.match_1,verified,verified,agree,,
instDecidableEqNat,verified,verified,agree,,
instDecidableEqRaw,verified,verified,agree,,
instDecidableEqRaw._proof_1,verified,verified,agree,,
instDecidableEqRaw._proof_2,verified,verified,agree,,
instDecidableEqRaw.match_1,verified,verified,agree,,
instDecidableEqRaw.match_3,verified,verified,agree,,
instDecidableEqString,verified,verified,agree,,
instDecidableEqUInt16,verified,verified,agree,,
instDecidableEqUInt32,verified,verified,agree,,
instDecidableEqUInt64,verified,verified,agree,,
instDecidableEqUInt8,verified,verified,agree,,
instDecidableEqUSize,verified,verified,agree,,
instDecidableLeBitVec,verified,verified,agree,,
instDecidableLeBitVec._proof_1,absent,verified,only-one-side,,
instDecidableLeBitVec._proof_2,absent,verified,only-one-side,,
instDecidableLtBitVec,verified,verified,agree,,
instDecidableLtBitVec._aux_1,absent,verified,only-one-side,,
instDecidableNot,verified,verified,agree,,
instDecidableOr,verified,verified,agree,,
instDecidableOr._proof_1,verified,verified,agree,,
instDecidableOr.match_1,verified,verified,agree,,
instHAdd,verified,verified,agree,,
instHAndOfAndOp,verified,verified,agree,,
instHAndThenOfAndThen,verified,verified,agree,,
instHAppendOfAppend,verified,verified,agree,,
instHDiv,verified,verified,agree,,
instHMod,verified,verified,agree,,
instHMul,verified,verified,agree,,
instHOrElseOfOrElse,verified,verified,agree,,
instHOrOfOrOp,verified,verified,agree,,
instHPow,verified,verified,agree,,
instHSMul,verified,verified,agree,,
instHShiftLeftOfShiftLeft,verified,verified,agree,,
instHShiftRightOfShiftRight,verified,verified,agree,,
instHSub,verified,verified,agree,,
instHXorOfXorOp,verified,verified,agree,,
instHashableString,verified,verified,agree,,
instHashableSubtype,verified,verified,agree,,
instInhabitedBool,verified,verified,agree,,
instInhabitedBool.default,verified,verified,agree,,
instInhabitedExcept,verified,verified,agree,,
instInhabitedForall,verified,verified,agree,,
instInhabitedForallOfMonad,verified,verified,agree,,
instInhabitedList,verified,verified,agree,,
instInhabitedNat,verified,verified,agree,,
instInhabitedNonemptyType,verified,verified,agree,,
instInhabitedOfMonad,verified,verified,agree,,
instInhabitedOption,verified,verified,agree,,
instInhabitedRaw,verified,verified,agree,,
instInhabitedRaw_1,verified,verified,agree,,
instInhabitedReaderT,verified,verified,agree,,
instInhabitedSort,verified,verified,agree,,
instInhabitedUInt16,verified,verified,agree,,
instInhabitedUInt16._proof_1,verified,verified,agree,,
instInhabitedUInt32,verified,verified,agree,,
instInhabitedUInt32._proof_1,verified,verified,agree,,
instInhabitedUInt64,verified,verified,agree,,
instInhabitedUInt64._proof_1,verified,verified,agree,,
instInhabitedUInt8,verified,verified,agree,,
instInhabitedUInt8._proof_1,verified,verified,agree,,
instInhabitedULift,verified,verified,agree,,
instInhabitedUSize,verified,verified,agree,,
instLEBitVec,verified,verified,agree,,
instLEFin,verified,verified,agree,,
instLENat,verified,verified,agree,,
instLEUInt32,verified,verified,agree,,
instLEUInt8,verified,verified,agree,,
instLTBitVec,verified,verified,agree,,
instLTFin,verified,verified,agree,,
instLTNat,verified,verified,agree,,
instLTUInt32,verified,verified,agree,,
instLTUInt8,verified,verified,agree,,
instMaxUInt32,verified,verified,agree,,
instMinNat,verified,verified,agree,,
instMinUInt32,verified,verified,agree,,
instMonadEvalOfMonadLift,verified,verified,agree,,
instMonadEvalT,verified,verified,agree,,
instMonadEvalTOfMonadEval,verified,verified,agree,,
instMonadExceptOfMonadExceptOf,verified,verified,agree,,
instMonadFunctorTOfMonadFunctor,verified,verified,agree,,
instMonadLiftT,verified,verified,agree,,
instMonadLiftTOfMonadLift,verified,verified,agree,,
instMonadReaderOfMonadReaderOf,verified,verified,agree,,
instMonadReaderOfOfMonadLift,verified,verified,agree,,
instMonadReaderOfReaderTOfMonad,verified,verified,agree,,
instMonadStateOfMonadStateOf,verified,verified,agree,,
instMonadStateOfOfMonadLift,verified,verified,agree,,
instMonadWithReaderOfMonadWithReaderOf,verified,verified,agree,,
instMonadWithReaderOfOfMonadFunctor,verified,verified,agree,,
instMonadWithReaderOfReaderT,verified,verified,agree,,
instMulNat,verified,verified,agree,,
instNatPowNat,verified,verified,agree,,
instNonemptyForall,verified,verified,agree,,
instNonemptyOfInhabited,verified,verified,agree,,
instNonemptyOfMonad,verified,verified,agree,,
instOfNatNat,verified,verified,agree,,
instPowNat,verified,verified,agree,,
instPowOfHomogeneousPow,verified,verified,agree,,
instSMulOfMul,verified,verified,agree,,
instSubNat,verified,verified,agree,,
instTransEq,verified,verified,agree,,
instTransEq_1,verified,verified,agree,,
ite,verified,verified,agree,,
letFun,verified,verified,agree,,
liftM,verified,verified,agree,,
maxOfLe,verified,verified,agree,,
minOfLe,verified,verified,agree,,
mixHash,verified,verified,agree,,
modify,verified,verified,agree,,
modifyGetThe,verified,verified,agree,,
modifyThe,verified,verified,agree,,
monadFunctorRefl,verified,verified,agree,,
namedPattern,verified,verified,agree,,
ne_false_of_eq_true,verified,verified,agree,,
ne_true_of_eq_false,verified,verified,agree,,
noConfusion_of_Nat,verified,verified,agree,,
of_decide_eq_false,verified,verified,agree,,
of_decide_eq_self_eq_true,verified,verified,agree,,
of_decide_eq_true,verified,verified,agree,,
optParam,verified,verified,agree,,
outParam,verified,verified,agree,,
panic,verified,verified,agree,,
panicCore,verified,verified,agree,,
readThe,verified,verified,agree,,
rfl,verified,verified,agree,,
semiOutParam,verified,verified,agree,,
sorryAx,verified,verified,agree,,
throwThe,verified,verified,agree,,
tryCatchThe,verified,verified,agree,,
withTheReader,verified,verified,agree,,
